# --------------------------------------------------------
# Host:                         Richmond
# Server version:               5.0.51a-community-log
# Server OS:                    redhat-linux-gnu
# HeidiSQL version:             6.0.0.3603
# Date/time:                    2013-07-10 09:26:09
# --------------------------------------------------------

/*!40101 SET @OLD_CHARACTER_SET_CLIENT=@@CHARACTER_SET_CLIENT */;
/*!40101 SET NAMES utf8 */;
/*!40014 SET @OLD_FOREIGN_KEY_CHECKS=@@FOREIGN_KEY_CHECKS, FOREIGN_KEY_CHECKS=0 */;
/*!40101 SET @OLD_SQL_MODE=@@SQL_MODE, SQL_MODE='NO_AUTO_VALUE_ON_ZERO' */;

# Dumping database structure for docmgt
CREATE DATABASE IF NOT EXISTS `docmgt` /*!40100 DEFAULT CHARACTER SET latin1 */;
USE `docmgt`;


# Dumping structure for table docmgt.actionlog
CREATE TABLE IF NOT EXISTS `actionlog` (
  `user_id` varchar(8) default NULL,
  `doc_id` bigint(20) unsigned default NULL,
  `type_id` tinyint(3) unsigned default NULL,
  `datatype_id` tinyint(3) unsigned default NULL,
  `update_id` tinyint(3) unsigned default NULL,
  `action_ts` datetime default NULL,
  `action_text` varchar(255) default NULL,
  `additional_text` text
) ENGINE=MyISAM DEFAULT CHARSET=latin1;

# Dumping data for table docmgt.actionlog: 172 rows
/*!40000 ALTER TABLE `actionlog` DISABLE KEYS */;
INSERT INTO `actionlog` (`user_id`, `doc_id`, `type_id`, `datatype_id`, `update_id`, `action_ts`, `action_text`, `additional_text`) VALUES
	('mibqo', 4, 7, 42, 1, '2011-10-18 14:10:52', 'annual_cost numeric value set to 450', NULL),
	('mibqo', 4, 7, 30, 1, '2011-10-18 14:10:52', 'vendor_id numeric value set to 1242', NULL),
	('mibqo', 4, 7, 27, 1, '2011-10-18 14:10:52', 'equip_desc varchar value set to Toyota PM agreement', NULL),
	('mibqo', 4, 7, 31, 1, '2011-10-18 14:10:52', 'po_num varchar value set to PO11450', NULL),
	('mibqo', 4, 7, 29, 1, '2011-10-18 14:10:52', 'end_date date value set to 2011-12-31 ', NULL),
	('mibqo', 4, 7, 28, 1, '2011-10-18 14:10:52', 'start_date date value set to 2011-04-01 ', NULL),
	('mibqo', 4, 7, 43, 1, '2011-10-18 14:10:52', 'length_of_contract varchar value set to 9 months', NULL),
	('mibqo', 4, 7, 1, 1, '2011-10-18 14:10:52', 'Document type is Service Contract', NULL),
	('mibqo', 4, 7, 1, 1, '2011-10-18 14:10:52', 'Fiscal year is 2011', NULL),
	('mibqo', 4, 7, 1, 1, '2011-10-18 14:10:52', 'Filename is 4.pdf', NULL),
	('mibqo', 4, 7, 1, 1, '2011-10-18 14:10:52', 'Original filename was scan0799.pdf', NULL),
	('mibqo', 5, 7, 42, 1, '2011-10-19 17:06:26', 'annual_cost numeric value set to 50', NULL),
	('mibqo', 5, 7, 43, 1, '2011-10-19 17:06:26', 'length_of_contract varchar value set to 1 day', NULL),
	('mibqo', 5, 7, 28, 1, '2011-10-19 17:06:26', 'start_date date value set to 2011-10-19 ', NULL),
	('mibqo', 5, 7, 29, 1, '2011-10-19 17:06:26', 'end_date date value set to 2011-10-20 ', NULL),
	('mibqo', 5, 7, 31, 1, '2011-10-19 17:06:26', 'po_num varchar value set to PO11111', NULL),
	('mibqo', 5, 7, 27, 1, '2011-10-19 17:06:26', 'equip_desc varchar value set to Two circles', NULL),
	('mibqo', 5, 7, 30, 1, '2011-10-19 17:06:26', 'vendor_id numeric value set to 1242', NULL),
	('mibqo', 5, 7, 1, 1, '2011-10-19 17:06:26', 'Document type is Service Contract', NULL),
	('mibqo', 5, 7, 1, 1, '2011-10-19 17:06:26', 'Fiscal year is 2011', NULL),
	('mibqo', 5, 7, 1, 1, '2011-10-19 17:06:26', 'Filename is 5.pdf', NULL),
	('mibqo', 5, 7, 1, 1, '2011-10-19 17:06:26', 'Original filename was scan0306.pdf', NULL),
	('moexb', 6, 7, 42, 1, '2011-10-20 13:55:17', 'annual_cost numeric value set to 9000', NULL),
	('moexb', 6, 7, 43, 1, '2011-10-20 13:55:17', 'length_of_contract varchar value set to 9 months', NULL),
	('moexb', 6, 7, 27, 1, '2011-10-20 13:55:17', 'equip_desc varchar value set to Warehouse Lease', NULL),
	('moexb', 6, 7, 31, 1, '2011-10-20 13:55:17', 'po_num varchar value set to PO1224', NULL),
	('moexb', 6, 7, 29, 1, '2011-10-20 13:55:17', 'end_date date value set to 2011-12-31 ', NULL),
	('moexb', 6, 7, 30, 1, '2011-10-20 13:55:17', 'vendor_id numeric value set to 3599', NULL),
	('moexb', 6, 7, 28, 1, '2011-10-20 13:55:17', 'start_date date value set to 2011-04-01 ', NULL),
	('moexb', 6, 7, 1, 1, '2011-10-20 13:55:17', 'Document type is Service Contract', NULL),
	('moexb', 6, 7, 1, 1, '2011-10-20 13:55:17', 'Fiscal year is 2011', NULL),
	('moexb', 6, 7, 1, 1, '2011-10-20 13:55:17', 'Filename is 6.pdf', NULL),
	('moexb', 6, 7, 1, 1, '2011-10-20 13:55:17', 'Original filename was scan0804.pdf', NULL),
	('moexb', 10, 7, 42, 1, '2011-10-20 15:03:43', 'annual_cost numeric value set to 9360.9', NULL),
	('moexb', 10, 7, 43, 1, '2011-10-20 15:03:43', 'length_of_contract varchar value set to 36', NULL),
	('moexb', 10, 7, 29, 1, '2011-10-20 15:03:43', 'end_date date value set to 2014-07-31 ', NULL),
	('moexb', 10, 7, 31, 1, '2011-10-20 15:03:43', 'po_num varchar value set to PO11549', NULL),
	('moexb', 10, 7, 27, 1, '2011-10-20 15:03:43', 'equip_desc varchar value set to Forklift Lease', NULL),
	('moexb', 10, 7, 28, 1, '2011-10-20 15:03:43', 'start_date date value set to 2011-08-01 ', NULL),
	('moexb', 10, 7, 30, 1, '2011-10-20 15:03:43', 'vendor_id numeric value set to 1321', NULL),
	('moexb', 10, 7, 1, 1, '2011-10-20 15:03:43', 'Document type is Service Contract', NULL),
	('moexb', 10, 7, 1, 1, '2011-10-20 15:03:43', 'Fiscal year is 2014', NULL),
	('moexb', 10, 7, 1, 1, '2011-10-20 15:03:43', 'Filename is 10.pdf', NULL),
	('moexb', 10, 7, 1, 1, '2011-10-20 15:03:43', 'Original filename was scan0805.pdf', NULL),
	('moexb', 14, 7, 42, 1, '2011-11-10 08:53:39', 'annual_cost numeric value set to 3600', NULL),
	('moexb', 14, 7, 30, 1, '2011-11-10 08:53:39', 'vendor_id numeric value set to 1245', NULL),
	('moexb', 14, 7, 27, 1, '2011-11-10 08:53:39', 'equip_desc varchar value set to Elevator PM/Service', NULL),
	('moexb', 14, 7, 31, 1, '2011-11-10 08:53:39', 'po_num varchar value set to PO12799', NULL),
	('moexb', 14, 7, 29, 1, '2011-11-10 08:53:39', 'end_date date value set to 2012-11-30 ', NULL),
	('moexb', 14, 7, 28, 1, '2011-11-10 08:53:39', 'start_date date value set to 2011-12-01 ', NULL),
	('moexb', 14, 7, 43, 1, '2011-11-10 08:53:39', 'length_of_contract varchar value set to 12 months', NULL),
	('moexb', 14, 7, 1, 1, '2011-11-10 08:53:39', 'Document type is Service Contract', NULL),
	('moexb', 14, 7, 1, 1, '2011-11-10 08:53:39', 'Fiscal year is 2012', NULL),
	('moexb', 14, 7, 1, 1, '2011-11-10 08:53:39', 'Filename is 14.pdf', NULL),
	('moexb', 14, 7, 1, 1, '2011-11-10 08:53:39', 'Original filename was Southern Elevator Quote - Dec 2011 thru November 2012.pdf', NULL),
	('moexb', 15, 7, 42, 1, '2011-12-08 10:59:34', 'annual_cost numeric value set to 855', NULL),
	('moexb', 15, 7, 43, 1, '2011-12-08 10:59:34', 'length_of_contract varchar value set to 12 months', NULL),
	('moexb', 15, 7, 28, 1, '2011-12-08 10:59:34', 'start_date date value set to 2012-01-01 ', NULL),
	('moexb', 15, 7, 29, 1, '2011-12-08 10:59:34', 'end_date date value set to 2012-12-31 ', NULL),
	('moexb', 15, 7, 31, 1, '2011-12-08 10:59:34', 'po_num varchar value set to PO12913', NULL),
	('moexb', 15, 7, 27, 1, '2011-12-08 10:59:34', 'equip_desc varchar value set to Pest Control', NULL),
	('moexb', 15, 7, 30, 1, '2011-12-08 10:59:34', 'vendor_id numeric value set to 1245', NULL),
	('moexb', 15, 7, 1, 1, '2011-12-08 10:59:34', 'Document type is Service Contract', NULL),
	('moexb', 15, 7, 1, 1, '2011-12-08 10:59:34', 'Fiscal year is 2012', NULL),
	('moexb', 15, 7, 1, 1, '2011-12-08 10:59:34', 'Filename is 15.pdf', NULL),
	('moexb', 15, 7, 1, 1, '2011-12-08 10:59:34', 'Original filename was scan0868.pdf', NULL),
	('moexb', 16, 7, 42, 1, '2012-01-12 11:09:55', 'annual_cost numeric value set to 12000', NULL),
	('moexb', 16, 7, 30, 1, '2012-01-12 11:09:55', 'vendor_id numeric value set to 3599', NULL),
	('moexb', 16, 7, 27, 1, '2012-01-12 11:09:55', 'equip_desc varchar value set to West Coast Warehouse Lease', NULL),
	('moexb', 16, 7, 31, 1, '2012-01-12 11:09:55', 'po_num varchar value set to PO13002', NULL),
	('moexb', 16, 7, 29, 1, '2012-01-12 11:09:55', 'end_date date value set to 2012-12-31 ', NULL),
	('moexb', 16, 7, 28, 1, '2012-01-12 11:09:55', 'start_date date value set to 2012-01-01 ', NULL),
	('moexb', 16, 7, 43, 1, '2012-01-12 11:09:55', 'length_of_contract varchar value set to 12 months', NULL),
	('moexb', 16, 7, 1, 1, '2012-01-12 11:09:55', 'Document type is Service Contract', NULL),
	('moexb', 16, 7, 1, 1, '2012-01-12 11:09:55', 'Fiscal year is 2012', NULL),
	('moexb', 16, 7, 1, 1, '2012-01-12 11:09:55', 'Filename is 16.pdf', NULL),
	('moexb', 16, 7, 1, 1, '2012-01-12 11:09:55', 'Original filename was 2012 Material Logistics and Service Quote.pdf', NULL),
	('moexb', 17, 7, 43, 1, '2012-01-12 11:15:54', 'length_of_contract varchar value set to 60 months', NULL),
	('moexb', 17, 7, 28, 1, '2012-01-12 11:15:54', 'start_date date value set to 2006-05-01 ', NULL),
	('moexb', 17, 7, 29, 1, '2012-01-12 11:15:54', 'end_date date value set to 2011-05-31 ', NULL),
	('moexb', 17, 7, 31, 1, '2012-01-12 11:15:54', 'po_num varchar value set to PO3098', NULL),
	('moexb', 17, 7, 27, 1, '2012-01-12 11:15:54', 'equip_desc varchar value set to Forklift Rental Agreement', NULL),
	('moexb', 17, 7, 30, 1, '2012-01-12 11:15:54', 'vendor_id numeric value set to 3599', NULL),
	('moexb', 17, 7, 42, 1, '2012-01-12 11:15:54', 'annual_cost numeric value set to 13841.28', NULL),
	('moexb', 17, 7, 1, 1, '2012-01-12 11:15:54', 'Document type is Service Contract', NULL),
	('moexb', 17, 7, 1, 1, '2012-01-12 11:15:54', 'Fiscal year is 2012', NULL),
	('moexb', 17, 7, 1, 1, '2012-01-12 11:15:54', 'Filename is 17.pdf', NULL),
	('moexb', 17, 7, 1, 1, '2012-01-12 11:15:54', 'Original filename was Scan0003.pdf', NULL),
	('moexb', 19, 7, 42, 1, '2012-02-03 09:41:10', 'annual_cost numeric value set to 4000', NULL),
	('moexb', 19, 7, 30, 1, '2012-02-03 09:41:10', 'vendor_id numeric value set to 2692', NULL),
	('moexb', 19, 7, 27, 1, '2012-02-03 09:41:10', 'equip_desc varchar value set to Service Contract for ABB 2012', NULL),
	('moexb', 19, 7, 31, 1, '2012-02-03 09:41:10', 'po_num varchar value set to PO13205', NULL),
	('moexb', 19, 7, 29, 1, '2012-02-03 09:41:10', 'end_date date value set to 2012-12-31 ', NULL),
	('moexb', 19, 7, 28, 1, '2012-02-03 09:41:10', 'start_date date value set to 2012-01-01 ', NULL),
	('moexb', 19, 7, 43, 1, '2012-02-03 09:41:10', 'length_of_contract varchar value set to 12 months', NULL),
	('moexb', 19, 7, 1, 1, '2012-02-03 09:41:10', 'Document type is Service Contract', NULL),
	('moexb', 19, 7, 1, 1, '2012-02-03 09:41:10', 'Fiscal year is 2012', NULL),
	('moexb', 19, 7, 1, 1, '2012-02-03 09:41:10', 'Filename is 19.pdf', NULL),
	('moexb', 19, 7, 1, 1, '2012-02-03 09:41:10', 'Original filename was Scan0009.pdf', NULL),
	('moexb', 22, 7, 42, 1, '2012-02-15 11:00:38', 'annual_cost numeric value set to 51900', NULL),
	('moexb', 22, 7, 30, 1, '2012-02-15 11:00:38', 'vendor_id numeric value set to 1172', NULL),
	('moexb', 22, 7, 27, 1, '2012-02-15 11:00:38', 'equip_desc varchar value set to REM Provox Agreement 2012', NULL),
	('moexb', 22, 7, 31, 1, '2012-02-15 11:00:38', 'po_num varchar value set to PO13239', NULL),
	('moexb', 22, 7, 29, 1, '2012-02-15 11:00:38', 'end_date date value set to 2012-12-31 ', NULL),
	('moexb', 22, 7, 28, 1, '2012-02-15 11:00:38', 'start_date date value set to 2012-01-01 ', NULL),
	('moexb', 22, 7, 43, 1, '2012-02-15 11:00:38', 'length_of_contract varchar value set to 12 months', NULL),
	('moexb', 22, 7, 1, 1, '2012-02-15 11:00:38', 'Document type is Service Contract', NULL),
	('moexb', 22, 7, 1, 1, '2012-02-15 11:00:38', 'Fiscal year is 2012', NULL),
	('moexb', 22, 7, 1, 1, '2012-02-15 11:00:38', 'Filename is 22.pdf', NULL),
	('moexb', 22, 7, 1, 1, '2012-02-15 11:00:38', 'Original filename was REM Service Proposal 2012 - Provox.pdf', NULL),
	('moexb', 26, 7, 42, 1, '2012-02-22 11:31:51', 'annual_cost numeric value set to 89800', NULL),
	('moexb', 26, 7, 30, 1, '2012-02-22 11:31:51', 'vendor_id numeric value set to 1084', NULL),
	('moexb', 26, 7, 27, 1, '2012-02-22 11:31:51', 'equip_desc varchar value set to Signed Renewal 2011-2012', NULL),
	('moexb', 26, 7, 31, 1, '2012-02-22 11:31:51', 'po_num varchar value set to PO12634', NULL),
	('moexb', 26, 7, 29, 1, '2012-02-22 11:31:51', 'end_date date value set to 2012-10-03 ', NULL),
	('moexb', 26, 7, 28, 1, '2012-02-22 11:31:51', 'start_date date value set to 2011-10-03 ', NULL),
	('moexb', 26, 7, 43, 1, '2012-02-22 11:31:51', 'length_of_contract varchar value set to 12 months', NULL),
	('moexb', 26, 7, 1, 1, '2012-02-22 11:31:51', 'Document type is Service Contract', NULL),
	('moexb', 26, 7, 1, 1, '2012-02-22 11:31:51', 'Fiscal year is 2012', NULL),
	('moexb', 26, 7, 1, 1, '2012-02-22 11:31:51', 'Filename is 26.pdf', NULL),
	('moexb', 26, 7, 1, 1, '2012-02-22 11:31:51', 'Original filename was Netsuite Signed Renewal.pdf', NULL),
	('moexb', 27, 7, 42, 1, '2012-03-26 09:14:34', 'annual_cost numeric value set to 5400', NULL),
	('moexb', 27, 7, 30, 1, '2012-03-26 09:14:34', 'vendor_id numeric value set to 1242', NULL),
	('moexb', 27, 7, 27, 1, '2012-03-26 09:14:34', 'equip_desc varchar value set to Forklift PM Agreement', NULL),
	('moexb', 27, 7, 31, 1, '2012-03-26 09:14:34', 'po_num varchar value set to PO13008', NULL),
	('moexb', 27, 7, 29, 1, '2012-03-26 09:14:34', 'end_date date value set to 2014-07-31 ', NULL),
	('moexb', 27, 7, 28, 1, '2012-03-26 09:14:34', 'start_date date value set to 2011-08-01 ', NULL),
	('moexb', 27, 7, 43, 1, '2012-03-26 09:14:34', 'length_of_contract varchar value set to 3', NULL),
	('moexb', 27, 7, 1, 1, '2012-03-26 09:14:34', 'Document type is Service Contract', NULL),
	('moexb', 27, 7, 1, 1, '2012-03-26 09:14:34', 'Fiscal year is 2014', NULL),
	('moexb', 27, 7, 1, 1, '2012-03-26 09:14:34', 'Filename is 27.pdf', NULL),
	('moexb', 27, 7, 1, 1, '2012-03-26 09:14:34', 'Original filename was Scan0037.pdf', NULL),
	('moexb', 28, 7, 42, 1, '2012-03-26 09:16:43', 'annual_cost numeric value set to 11860', NULL),
	('moexb', 28, 7, 43, 1, '2012-03-26 09:16:43', 'length_of_contract varchar value set to 3 years', NULL),
	('moexb', 28, 7, 28, 1, '2012-03-26 09:16:43', 'start_date date value set to 2010-03-05 ', NULL),
	('moexb', 28, 7, 29, 1, '2012-03-26 09:16:43', 'end_date date value set to 2013-03-04 ', NULL),
	('moexb', 28, 7, 31, 1, '2012-03-26 09:16:43', 'po_num varchar value set to PO13217', NULL),
	('moexb', 28, 7, 27, 1, '2012-03-26 09:16:43', 'equip_desc varchar value set to Fire System Services', NULL),
	('moexb', 28, 7, 30, 1, '2012-03-26 09:16:43', 'vendor_id numeric value set to 1230', NULL),
	('moexb', 28, 7, 1, 1, '2012-03-26 09:16:43', 'Document type is Service Contract', NULL),
	('moexb', 28, 7, 1, 1, '2012-03-26 09:16:43', 'Fiscal year is 2013', NULL),
	('moexb', 28, 7, 1, 1, '2012-03-26 09:16:43', 'Filename is 28.pdf', NULL),
	('moexb', 28, 7, 1, 1, '2012-03-26 09:16:43', 'Original filename was Scan0038.pdf', NULL),
	('moexb', 27, 7, 43, 2, '2012-03-26 09:17:24', 'Changed length_of_contract varchar value from 3 to 3 years', NULL),
	('moexb', 31, 10, 44, 1, '2012-04-10 09:28:19', 'mfg varchar value set to AGA Gas', NULL),
	('moexb', 31, 10, 45, 1, '2012-04-10 09:28:19', 'product varchar value set to Sulfur Dioxide', NULL),
	('moexb', 31, 10, 46, 1, '2012-04-10 09:28:19', 'trade_name varchar value set to Sulfur Dioxide, liquefied', NULL),
	('moexb', 31, 10, 48, 1, '2012-04-10 09:28:19', 'chemical_name varchar value set to Sulfur Dioxide; Sulfurous Acid Anhydride', NULL),
	('moexb', 31, 10, 1, 1, '2012-04-10 09:28:19', 'Document type is Material Safety Data Shee', NULL),
	('moexb', 31, 10, 1, 1, '2012-04-10 09:28:19', 'Fiscal year is 2012', NULL),
	('moexb', 31, 10, 1, 1, '2012-04-10 09:28:19', 'Filename is 31.pdf', NULL),
	('moexb', 31, 10, 1, 1, '2012-04-10 09:28:19', 'Original filename was Sulfur Dioxide - AGA Gas.pdf', NULL),
	('moexb', 32, 10, 48, 1, '2012-04-10 09:31:43', 'chemical_name varchar value set to Sulfurous anhydride', NULL),
	('moexb', 32, 10, 46, 1, '2012-04-10 09:31:43', 'trade_name varchar value set to Sulfurous anhydride', NULL),
	('moexb', 32, 10, 45, 1, '2012-04-10 09:31:43', 'product varchar value set to Sulfur Dioxide, 99.9+%', NULL),
	('moexb', 32, 10, 44, 1, '2012-04-10 09:31:43', 'mfg varchar value set to Sigma-Aldrich', NULL),
	('moexb', 32, 10, 1, 1, '2012-04-10 09:31:43', 'Document type is Material Safety Data Shee', NULL),
	('moexb', 32, 10, 1, 1, '2012-04-10 09:31:43', 'Fiscal year is 2012', NULL),
	('moexb', 32, 10, 1, 1, '2012-04-10 09:31:43', 'Filename is 32.pdf', NULL),
	('moexb', 32, 10, 1, 1, '2012-04-10 09:31:43', 'Original filename was Sulfur Dioxide - Sigma Aldrich.pdf', NULL),
	('moexb', 33, 7, 42, 1, '2012-07-06 14:37:55', 'annual_cost numeric value set to 25975.56', NULL),
	('moexb', 33, 7, 30, 1, '2012-07-06 14:37:55', 'vendor_id numeric value set to 613', NULL),
	('moexb', 33, 7, 27, 1, '2012-07-06 14:37:55', 'equip_desc varchar value set to Uniforms 2009-2014', NULL),
	('moexb', 33, 7, 31, 1, '2012-07-06 14:37:55', 'po_num varchar value set to N/A', NULL),
	('moexb', 33, 7, 29, 1, '2012-07-06 14:37:55', 'end_date date value set to 2014-02-28 ', NULL),
	('moexb', 33, 7, 28, 1, '2012-07-06 14:37:55', 'start_date date value set to 2009-03-29 ', NULL),
	('moexb', 33, 7, 43, 1, '2012-07-06 14:37:55', 'length_of_contract varchar value set to 60 months', NULL),
	('moexb', 33, 7, 1, 1, '2012-07-06 14:37:55', 'Document type is Service Contract', NULL),
	('moexb', 33, 7, 1, 1, '2012-07-06 14:37:55', 'Fiscal year is 2012', NULL),
	('moexb', 33, 7, 1, 1, '2012-07-06 14:37:55', 'Filename is 33.pdf', NULL),
	('moexb', 33, 7, 1, 1, '2012-07-06 14:37:55', 'Original filename was Uniform Contract 2009-2014.pdf', NULL),
	('moexb', 15, 7, 30, 2, '2012-07-16 08:27:33', 'Changed vendor_id numeric value from 1245 to 3469', NULL);
/*!40000 ALTER TABLE `actionlog` ENABLE KEYS */;


# Dumping structure for table docmgt.datatype
CREATE TABLE IF NOT EXISTS `datatype` (
  `datatype_id` int(10) unsigned NOT NULL auto_increment,
  `doctype_id` tinyint(3) unsigned default NULL,
  `sortorder` tinyint(3) unsigned default NULL,
  `datatype_text` varchar(50) default NULL,
  `datatype` varchar(12) default NULL,
  `input_prompt` varchar(50) default NULL,
  `search_prompt` varchar(50) default NULL,
  `is_uid` tinyint(3) unsigned default '0',
  `is_currency` tinyint(3) unsigned default NULL,
  `is_reqd` tinyint(3) unsigned default NULL,
  PRIMARY KEY  (`datatype_id`),
  UNIQUE KEY `datatype_id` (`datatype_id`),
  KEY `datatype_id_2` (`datatype_id`)
) ENGINE=MyISAM AUTO_INCREMENT=49 DEFAULT CHARSET=latin1;

# Dumping data for table docmgt.datatype: 33 rows
/*!40000 ALTER TABLE `datatype` DISABLE KEYS */;
INSERT INTO `datatype` (`datatype_id`, `doctype_id`, `sortorder`, `datatype_text`, `datatype`, `input_prompt`, `search_prompt`, `is_uid`, `is_currency`, `is_reqd`) VALUES
	(1, NULL, NULL, 'doc_id', 'numeric', 'Document', NULL, NULL, NULL, NULL),
	(2, 1, 1, 'invoice_num', 'varchar', 'Invoice Number', 'Invoice Number', NULL, NULL, 1),
	(3, 1, 2, 'po_num', 'varchar', 'Purchase Order Number', 'Purchase Order Number', NULL, NULL, NULL),
	(4, 1, 3, 'vendor_id', 'numeric', 'Vendor', 'Vendor', NULL, NULL, 1),
	(5, 1, 4, 'amount', 'numeric', 'Dollar Amount', 'Dollar Amount', NULL, 1, 1),
	(6, 1, 5, 'receive_date', 'date', 'Receive Date', 'Receive Date', NULL, NULL, 1),
	(7, 2, 1, 'reference_num', 'varchar', 'Reference No', 'Reference No', NULL, NULL, NULL),
	(8, 2, 4, 'received_by', 'varchar', 'Received By', 'Received By', 1, NULL, 1),
	(9, 2, 5, 'receive_date', 'date', 'Receive Date', 'Receive Date', NULL, NULL, 1),
	(10, 3, 1, 'quote_num', 'varchar', 'Quote Number', 'Quote Number', NULL, NULL, 1),
	(11, 3, 3, 'contact', 'varchar', 'Vendor Contact', 'Vendor Contact', NULL, NULL, 0),
	(12, 3, 4, 'addressee', 'varchar', 'Addressee', 'Addressee', 1, NULL, 1),
	(13, 3, 5, 'project', 'varchar', 'Project', 'Project', NULL, NULL, NULL),
	(14, 3, 7, 'expiration_date', 'date', 'Expiration Date', 'Expiration Date', NULL, NULL, 0),
	(15, 2, 2, 'po_num', 'varchar', 'Purchase Order Number', 'Purchase Order', NULL, NULL, 1),
	(16, 2, 3, 'vendor_id', 'numeric', 'Vendor', 'Vendor', NULL, NULL, 1),
	(17, 3, 2, 'vendor_id', 'numeric', 'Select Vendor', 'Vendor', NULL, NULL, NULL),
	(18, 3, 6, 'receive_date', 'date', 'Receive Date', 'Receive Date', NULL, NULL, 1),
	(42, 7, 6, 'annual_cost', 'numeric', 'Annual Cost', 'Annual Cost', 0, 1, 1),
	(43, 7, 7, 'length_of_contract', 'varchar', 'Length of Contract', 'Length of Contract', 0, 0, 1),
	(27, 7, 2, 'equip_desc', 'varchar', 'Description', 'Description', 0, 0, 1),
	(28, 7, 4, 'start_date', 'date', 'Begin Date', 'Begin Date', 0, 0, 1),
	(29, 7, 5, 'end_date', 'date', 'End Date', 'End Date', 0, 0, 1),
	(30, 7, 1, 'vendor_id', 'numeric', 'Select Vendor', 'Vendor', 0, 0, 1),
	(31, 7, 3, 'po_num', 'varchar', 'Purchase Order', 'Purchase Order', 0, 0, 0),
	(37, 9, 1, 'employee', 'varchar', 'Employee', 'Employee', 1, 0, 1),
	(38, 9, 2, 'date', 'date', 'Date', 'Date', 0, 0, 1),
	(39, 9, 3, 'cost_center', 'varchar', 'Cost Center', 'Cost Center', 0, 0, 1),
	(40, 9, 4, 'doc_num', 'varchar', 'Internal Document Number', 'Internal Document Number', 0, 0, 0),
	(44, 10, 1, 'mfg', 'varchar', 'Manufacturer', 'Manufacturer', 0, 0, 1),
	(45, 10, 2, 'product', 'varchar', 'Product Name', 'Product Name', 0, 0, 1),
	(46, 10, 3, 'trade_name', 'varchar', 'Trade Name', 'Trade Name', 0, 0, 0),
	(48, 10, 4, 'chemical_name', 'varchar', 'Chemical Name', 'Chemical Name', 0, 0, 0);
/*!40000 ALTER TABLE `datatype` ENABLE KEYS */;


# Dumping structure for table docmgt.docdata
CREATE TABLE IF NOT EXISTS `docdata` (
  `datatype_id` int(10) unsigned NOT NULL,
  `doc_id` bigint(20) unsigned NOT NULL,
  `varchar_val` varchar(255) default NULL,
  `numeric_val` float default NULL,
  `date_val` date default NULL,
  PRIMARY KEY  (`doc_id`,`datatype_id`)
) ENGINE=MyISAM DEFAULT CHARSET=latin1;

# Dumping data for table docmgt.docdata: 106 rows
/*!40000 ALTER TABLE `docdata` DISABLE KEYS */;
INSERT INTO `docdata` (`datatype_id`, `doc_id`, `varchar_val`, `numeric_val`, `date_val`) VALUES
	(42, 4, NULL, 450, NULL),
	(30, 4, NULL, 1242, NULL),
	(27, 4, 'Toyota PM agreement', NULL, NULL),
	(31, 4, 'PO11450', NULL, NULL),
	(29, 4, NULL, NULL, '2011-12-31'),
	(28, 4, NULL, NULL, '2011-04-01'),
	(43, 4, '9 months', NULL, NULL),
	(42, 5, NULL, 50, NULL),
	(43, 5, '1 day', NULL, NULL),
	(28, 5, NULL, NULL, '2011-10-19'),
	(29, 5, NULL, NULL, '2011-10-20'),
	(31, 5, 'PO11111', NULL, NULL),
	(27, 5, 'Two circles', NULL, NULL),
	(30, 5, NULL, 1242, NULL),
	(42, 6, NULL, 9000, NULL),
	(43, 6, '9 months', NULL, NULL),
	(27, 6, 'Warehouse Lease', NULL, NULL),
	(31, 6, 'PO1224', NULL, NULL),
	(29, 6, NULL, NULL, '2011-12-31'),
	(30, 6, NULL, 3599, NULL),
	(28, 6, NULL, NULL, '2011-04-01'),
	(42, 10, NULL, 9360.9, NULL),
	(43, 10, '36', NULL, NULL),
	(29, 10, NULL, NULL, '2014-07-31'),
	(31, 10, 'PO11549', NULL, NULL),
	(27, 10, 'Forklift Lease', NULL, NULL),
	(28, 10, NULL, NULL, '2011-08-01'),
	(30, 10, NULL, 1321, NULL),
	(42, 14, NULL, 3600, NULL),
	(30, 14, NULL, 1245, NULL),
	(27, 14, 'Elevator PM/Service', NULL, NULL),
	(31, 14, 'PO12799', NULL, NULL),
	(29, 14, NULL, NULL, '2012-11-30'),
	(28, 14, NULL, NULL, '2011-12-01'),
	(43, 14, '12 months', NULL, NULL),
	(42, 15, NULL, 855, NULL),
	(43, 15, '12 months', NULL, NULL),
	(28, 15, NULL, NULL, '2012-01-01'),
	(29, 15, NULL, NULL, '2012-12-31'),
	(31, 15, 'PO12913', NULL, NULL),
	(27, 15, 'Pest Control', NULL, NULL),
	(30, 15, NULL, 3469, NULL),
	(42, 16, NULL, 12000, NULL),
	(30, 16, NULL, 3599, NULL),
	(27, 16, 'West Coast Warehouse Lease', NULL, NULL),
	(31, 16, 'PO13002', NULL, NULL),
	(29, 16, NULL, NULL, '2012-12-31'),
	(28, 16, NULL, NULL, '2012-01-01'),
	(43, 16, '12 months', NULL, NULL),
	(43, 17, '60 months', NULL, NULL),
	(28, 17, NULL, NULL, '2006-05-01'),
	(29, 17, NULL, NULL, '2011-05-31'),
	(31, 17, 'PO3098', NULL, NULL),
	(27, 17, 'Forklift Rental Agreement', NULL, NULL),
	(30, 17, NULL, 3599, NULL),
	(42, 17, NULL, 13841.3, NULL),
	(42, 19, NULL, 4000, NULL),
	(30, 19, NULL, 2692, NULL),
	(27, 19, 'Service Contract for ABB 2012', NULL, NULL),
	(31, 19, 'PO13205', NULL, NULL),
	(29, 19, NULL, NULL, '2012-12-31'),
	(28, 19, NULL, NULL, '2012-01-01'),
	(43, 19, '12 months', NULL, NULL),
	(42, 22, NULL, 51900, NULL),
	(30, 22, NULL, 1172, NULL),
	(27, 22, 'REM Provox Agreement 2012', NULL, NULL),
	(31, 22, 'PO13239', NULL, NULL),
	(29, 22, NULL, NULL, '2012-12-31'),
	(28, 22, NULL, NULL, '2012-01-01'),
	(43, 22, '12 months', NULL, NULL),
	(42, 26, NULL, 89800, NULL),
	(30, 26, NULL, 1084, NULL),
	(27, 26, 'Signed Renewal 2011-2012', NULL, NULL),
	(31, 26, 'PO12634', NULL, NULL),
	(29, 26, NULL, NULL, '2012-10-03'),
	(28, 26, NULL, NULL, '2011-10-03'),
	(43, 26, '12 months', NULL, NULL),
	(42, 27, NULL, 5400, NULL),
	(30, 27, NULL, 1242, NULL),
	(27, 27, 'Forklift PM Agreement', NULL, NULL),
	(31, 27, 'PO13008', NULL, NULL),
	(29, 27, NULL, NULL, '2014-07-31'),
	(28, 27, NULL, NULL, '2011-08-01'),
	(43, 27, '3 years', NULL, NULL),
	(42, 28, NULL, 11860, NULL),
	(43, 28, '3 years', NULL, NULL),
	(28, 28, NULL, NULL, '2010-03-05'),
	(29, 28, NULL, NULL, '2013-03-04'),
	(31, 28, 'PO13217', NULL, NULL),
	(27, 28, 'Fire System Services', NULL, NULL),
	(30, 28, NULL, 1230, NULL),
	(44, 31, 'AGA Gas', NULL, NULL),
	(45, 31, 'Sulfur Dioxide', NULL, NULL),
	(46, 31, 'Sulfur Dioxide, liquefied', NULL, NULL),
	(48, 31, 'Sulfur Dioxide; Sulfurous Acid Anhydride', NULL, NULL),
	(48, 32, 'Sulfurous anhydride', NULL, NULL),
	(46, 32, 'Sulfurous anhydride', NULL, NULL),
	(45, 32, 'Sulfur Dioxide, 99.9+%', NULL, NULL),
	(44, 32, 'Sigma-Aldrich', NULL, NULL),
	(42, 33, NULL, 25975.6, NULL),
	(30, 33, NULL, 613, NULL),
	(27, 33, 'Uniforms 2009-2014', NULL, NULL),
	(31, 33, 'N/A', NULL, NULL),
	(29, 33, NULL, NULL, '2014-02-28'),
	(28, 33, NULL, NULL, '2009-03-29'),
	(43, 33, '60 months', NULL, NULL);
/*!40000 ALTER TABLE `docdata` ENABLE KEYS */;


# Dumping structure for table docmgt.docs
CREATE TABLE IF NOT EXISTS `docs` (
  `doc_id` bigint(20) unsigned NOT NULL,
  `filename` varchar(255) default NULL,
  `original_filename` varchar(255) default NULL,
  `type_id` int(11) default NULL,
  `year` int(10) unsigned default NULL,
  `status_id` varchar(4) default '1',
  `reqd` varchar(8) default NULL,
  `originator` varchar(8) default NULL,
  `insert_ts` datetime default NULL,
  PRIMARY KEY  (`doc_id`),
  UNIQUE KEY `id` (`doc_id`),
  KEY `id_2` (`doc_id`)
) ENGINE=MyISAM DEFAULT CHARSET=latin1;

# Dumping data for table docmgt.docs: 16 rows
/*!40000 ALTER TABLE `docs` DISABLE KEYS */;
INSERT INTO `docs` (`doc_id`, `filename`, `original_filename`, `type_id`, `year`, `status_id`, `reqd`, `originator`, `insert_ts`) VALUES
	(4, '4.pdf', 'scan0799.pdf', 7, 2011, '1', '', 'moexb', '2011-10-18 14:10:39'),
	(5, '5.pdf', 'scan0306.pdf', 7, 2011, '1', NULL, 'mibqo', '2011-10-19 17:05:23'),
	(6, '6.pdf', 'scan0804.pdf', 7, 2011, '1', NULL, 'moexb', '2011-10-20 13:51:29'),
	(10, '10.pdf', 'scan0805.pdf', 7, 2014, '1', NULL, 'moexb', '2011-10-20 14:50:47'),
	(14, '14.pdf', 'Southern Elevator Quote - Dec 2011 thru November 2012.pdf', 7, 2012, '1', NULL, 'moexb', '2011-11-10 08:51:34'),
	(15, '15.pdf', 'scan0868.pdf', 7, 2012, '1', NULL, 'moexb', '2011-12-08 10:58:10'),
	(16, '16.pdf', '2012 Material Logistics and Service Quote.pdf', 7, 2012, '1', NULL, 'moexb', '2012-01-12 10:57:50'),
	(17, '17.pdf', 'Scan0003.pdf', 7, 2012, '1', NULL, 'moexb', '2012-01-12 11:10:28'),
	(19, '19.pdf', 'Scan0009.pdf', 7, 2012, '1', NULL, 'moexb', '2012-02-03 09:39:51'),
	(22, '22.pdf', 'REM Service Proposal 2012 - Provox.pdf', 7, 2012, '1', NULL, 'moexb', '2012-02-15 10:58:35'),
	(26, '26.pdf', 'Netsuite Signed Renewal.pdf', 7, 2012, '1', NULL, 'moexb', '2012-02-22 11:29:02'),
	(27, '27.pdf', 'Scan0037.pdf', 7, 2014, '1', NULL, 'moexb', '2012-03-26 09:12:25'),
	(28, '28.pdf', 'Scan0038.pdf', 7, 2013, '1', NULL, 'moexb', '2012-03-26 09:14:40'),
	(31, '31.pdf', 'Sulfur Dioxide - AGA Gas.pdf', 10, 2012, '1', NULL, 'moexb', '2012-04-10 09:26:39'),
	(32, '32.pdf', 'Sulfur Dioxide - Sigma Aldrich.pdf', 10, 2012, '1', NULL, 'moexb', '2012-04-10 09:28:34'),
	(33, '33.pdf', 'Uniform Contract 2009-2014.pdf', 7, 2012, '1', NULL, 'moexb', '2012-07-06 14:35:38');
/*!40000 ALTER TABLE `docs` ENABLE KEYS */;


# Dumping structure for table docmgt.docs_recent
CREATE TABLE IF NOT EXISTS `docs_recent` (
  `doc_id` bigint(20) unsigned NOT NULL,
  `filename` varchar(255) default NULL,
  `original_filename` varchar(255) default NULL,
  `type_id` int(11) default NULL,
  `year` int(10) unsigned default NULL,
  `status_id` varchar(4) default '1',
  `reqd` varchar(8) default NULL,
  `originator` varchar(8) default NULL,
  `insert_ts` datetime default NULL,
  PRIMARY KEY  (`doc_id`),
  UNIQUE KEY `id` (`doc_id`),
  KEY `id_2` (`doc_id`)
) ENGINE=MyISAM DEFAULT CHARSET=latin1;

# Dumping data for table docmgt.docs_recent: 16 rows
/*!40000 ALTER TABLE `docs_recent` DISABLE KEYS */;
INSERT INTO `docs_recent` (`doc_id`, `filename`, `original_filename`, `type_id`, `year`, `status_id`, `reqd`, `originator`, `insert_ts`) VALUES
	(33, '33.pdf', 'Uniform Contract 2009-2014.pdf', 7, 2012, '1', NULL, 'moexb', '2012-07-06 14:35:38'),
	(32, '32.pdf', 'Sulfur Dioxide - Sigma Aldrich.pdf', 10, 2012, '1', NULL, 'moexb', '2012-04-10 09:28:34'),
	(31, '31.pdf', 'Sulfur Dioxide - AGA Gas.pdf', 10, 2012, '1', NULL, 'moexb', '2012-04-10 09:26:39'),
	(28, '28.pdf', 'Scan0038.pdf', 7, 2013, '1', NULL, 'moexb', '2012-03-26 09:14:40'),
	(27, '27.pdf', 'Scan0037.pdf', 7, 2014, '1', NULL, 'moexb', '2012-03-26 09:12:25'),
	(26, '26.pdf', 'Netsuite Signed Renewal.pdf', 7, 2012, '1', NULL, 'moexb', '2012-02-22 11:29:02'),
	(22, '22.pdf', 'REM Service Proposal 2012 - Provox.pdf', 7, 2012, '1', NULL, 'moexb', '2012-02-15 10:58:35'),
	(19, '19.pdf', 'Scan0009.pdf', 7, 2012, '1', NULL, 'moexb', '2012-02-03 09:39:51'),
	(17, '17.pdf', 'Scan0003.pdf', 7, 2012, '1', NULL, 'moexb', '2012-01-12 11:10:28'),
	(16, '16.pdf', '2012 Material Logistics and Service Quote.pdf', 7, 2012, '1', NULL, 'moexb', '2012-01-12 10:57:50'),
	(15, '15.pdf', 'scan0868.pdf', 7, 2012, '1', NULL, 'moexb', '2011-12-08 10:58:10'),
	(14, '14.pdf', 'Southern Elevator Quote - Dec 2011 thru November 2012.pdf', 7, 2012, '1', NULL, 'moexb', '2011-11-10 08:51:34'),
	(10, '10.pdf', 'scan0805.pdf', 7, 2014, '1', NULL, 'moexb', '2011-10-20 14:50:47'),
	(6, '6.pdf', 'scan0804.pdf', 7, 2011, '1', NULL, 'moexb', '2011-10-20 13:51:29'),
	(5, '5.pdf', 'scan0306.pdf', 7, 2011, '1', NULL, 'mibqo', '2011-10-19 17:05:23'),
	(4, '4.pdf', 'scan0799.pdf', 7, 2011, '1', '', 'moexb', '2011-10-18 14:10:39');
/*!40000 ALTER TABLE `docs_recent` ENABLE KEYS */;


# Dumping structure for table docmgt.doctype
CREATE TABLE IF NOT EXISTS `doctype` (
  `type_id` int(10) unsigned NOT NULL auto_increment,
  `type_text` varchar(25) default NULL,
  PRIMARY KEY  (`type_id`),
  UNIQUE KEY `type_id` (`type_id`),
  KEY `type_id_2` (`type_id`)
) ENGINE=MyISAM AUTO_INCREMENT=11 DEFAULT CHARSET=latin1;

# Dumping data for table docmgt.doctype: 6 rows
/*!40000 ALTER TABLE `doctype` DISABLE KEYS */;
INSERT INTO `doctype` (`type_id`, `type_text`) VALUES
	(1, 'Invoice'),
	(2, 'Packing List'),
	(3, 'Quote'),
	(10, 'Material Safety Data Shee'),
	(7, 'Service Contract'),
	(9, 'Expense Report');
/*!40000 ALTER TABLE `doctype` ENABLE KEYS */;


# Dumping structure for table docmgt.route
CREATE TABLE IF NOT EXISTS `route` (
  `doc_id` bigint(20) unsigned default NULL,
  `step` tinyint(3) unsigned default NULL,
  `route_to` varchar(8) default NULL,
  `status_id` int(10) unsigned default NULL,
  `request` text,
  `in_proc` tinyint(3) unsigned default '0'
) ENGINE=MyISAM DEFAULT CHARSET=latin1;

# Dumping data for table docmgt.route: 0 rows
/*!40000 ALTER TABLE `route` DISABLE KEYS */;
/*!40000 ALTER TABLE `route` ENABLE KEYS */;


# Dumping structure for table docmgt.sandbox
CREATE TABLE IF NOT EXISTS `sandbox` (
  `doc_id` bigint(20) unsigned NOT NULL auto_increment,
  `filename` varchar(255) default NULL,
  `original_filename` varchar(255) default NULL,
  `type_id` int(11) default NULL,
  `year` int(10) unsigned default NULL,
  `status_id` varchar(4) default '1',
  `reqd` varchar(8) default NULL,
  `originator` varchar(8) default NULL,
  `insert_ts` datetime default NULL,
  `update_by` varchar(8) default NULL,
  `update_id` varchar(4) default NULL,
  `update_ts` datetime default NULL,
  PRIMARY KEY  (`doc_id`),
  UNIQUE KEY `id` (`doc_id`),
  KEY `id_2` (`doc_id`)
) ENGINE=MyISAM AUTO_INCREMENT=34 DEFAULT CHARSET=latin1;

# Dumping data for table docmgt.sandbox: 0 rows
/*!40000 ALTER TABLE `sandbox` DISABLE KEYS */;
/*!40000 ALTER TABLE `sandbox` ENABLE KEYS */;


# Dumping structure for table docmgt.status
CREATE TABLE IF NOT EXISTS `status` (
  `status_id` int(10) unsigned NOT NULL auto_increment,
  `status_text` varchar(50) default NULL,
  `is_done` tinyint(3) unsigned default NULL,
  `sortorder` tinyint(3) unsigned default NULL,
  PRIMARY KEY  (`status_id`),
  UNIQUE KEY `id` (`status_id`),
  KEY `id_2` (`status_id`)
) ENGINE=MyISAM AUTO_INCREMENT=8 DEFAULT CHARSET=latin1;

# Dumping data for table docmgt.status: 7 rows
/*!40000 ALTER TABLE `status` DISABLE KEYS */;
INSERT INTO `status` (`status_id`, `status_text`, `is_done`, `sortorder`) VALUES
	(1, 'New', 1, 1),
	(2, 'For Approval', 0, 2),
	(3, 'For Information', 0, 4),
	(4, 'Completed', 1, 99),
	(5, 'For Review', 0, 3),
	(6, 'Information Provided', 1, 5),
	(7, 'Declined', 1, 6);
/*!40000 ALTER TABLE `status` ENABLE KEYS */;


# Dumping structure for table docmgt.supported_MIME
CREATE TABLE IF NOT EXISTS `supported_MIME` (
  `file_ext` varchar(12) default NULL,
  `mime_str` varchar(50) default NULL,
  `use_mime` tinyint(3) unsigned default '0',
  `clsid` varchar(50) default NULL
) ENGINE=MyISAM DEFAULT CHARSET=latin1;

# Dumping data for table docmgt.supported_MIME: 9 rows
/*!40000 ALTER TABLE `supported_MIME` DISABLE KEYS */;
INSERT INTO `supported_MIME` (`file_ext`, `mime_str`, `use_mime`, `clsid`) VALUES
	('pdf', 'application/pdf', 1, NULL),
	('doc', 'application/msword', 0, '00020906-0000-0000-C000-000000000046'),
	('xls', 'application/vnd.ms-excel', 0, 'DA2A7F82-EB60-4AD0-8297-A26F7110D0BE'),
	('ppt', 'application/vnd.ms-powerpoint', 0, '91493441-5A91-11CF-8700-00AA0060263B'),
	('jpg', 'image/jpeg', 1, NULL),
	('jpeg', 'image/jpeg', 1, NULL),
	('htm', 'text/html', 1, NULL),
	('html', 'text/html', 1, NULL),
	('xml', NULL, 0, '0002E559-0000-0000-C000-000000000046');
/*!40000 ALTER TABLE `supported_MIME` ENABLE KEYS */;


# Dumping structure for table docmgt.updates
CREATE TABLE IF NOT EXISTS `updates` (
  `update_id` int(10) unsigned NOT NULL auto_increment,
  `update_text` varchar(50) default NULL,
  `sortorder` tinyint(3) unsigned default NULL,
  PRIMARY KEY  (`update_id`),
  UNIQUE KEY `update_id` (`update_id`),
  KEY `update_id_2` (`update_id`)
) ENGINE=MyISAM AUTO_INCREMENT=9 DEFAULT CHARSET=latin1;

# Dumping data for table docmgt.updates: 8 rows
/*!40000 ALTER TABLE `updates` DISABLE KEYS */;
INSERT INTO `updates` (`update_id`, `update_text`, `sortorder`) VALUES
	(1, 'Document Inserted', 1),
	(2, 'Document Update', 1),
	(3, 'Status Change', 2),
	(4, 'Notification', 3),
	(5, 'Approval', 1),
	(6, 'Response', 1),
	(7, 'Assignment', 4),
	(8, 'Declined', 1);
/*!40000 ALTER TABLE `updates` ENABLE KEYS */;


# Dumping structure for table docmgt.vendors
CREATE TABLE IF NOT EXISTS `vendors` (
  `vendor_id` int(10) NOT NULL,
  `name` varchar(50) default NULL,
  PRIMARY KEY  (`vendor_id`),
  UNIQUE KEY `id` (`vendor_id`),
  KEY `id_2` (`vendor_id`)
) ENGINE=MyISAM AUTO_INCREMENT=1039 DEFAULT CHARSET=latin1;

# Dumping data for table docmgt.vendors: 1,075 rows
/*!40000 ALTER TABLE `vendors` DISABLE KEYS */;
INSERT INTO `vendors` (`vendor_id`, `name`) VALUES
	(1095, 'North Charleston Fluid System Tech'),
	(1093, 'Nordson Corp'),
	(1092, 'Noble Distribution / RFT (remit)'),
	(2275, 'Nippon Express USA, Inc.'),
	(1091, 'Nexsen-Pruet'),
	(1090, 'New Pig'),
	(1089, 'New Century Transport (remit)'),
	(1088, 'Neuville Industries'),
	(1086, 'Netzsch Inc'),
	(1084, 'Netsuite'),
	(3558, 'Neal Brothers'),
	(1078, 'National Textile Association'),
	(2338, 'NYARA Projects'),
	(2854, 'NSCSA'),
	(2058, 'NISHIYAMA CORPORATION OF AMERICA'),
	(1837, 'NICCA USA Inc.'),
	(1082, 'NCS'),
	(1081, 'NCO Financial-Commercial Div'),
	(2775, 'NCO Financial Systems, Inc.'),
	(3257, 'NCBFAA Educational Institute Director'),
	(2311, 'Murata Machinery Ltd'),
	(1075, 'Murata'),
	(1074, 'Munters Corporation - ME Division'),
	(1073, 'Multiplastics'),
	(1072, 'Multi-Coatings Co, LLC'),
	(2316, 'Mueller Steam Specialty'),
	(1070, 'Mt Zion AME Church (Education fund)'),
	(1067, 'Motion Industries'),
	(2699, 'Mosaic Logistics'),
	(1065, 'Moroil'),
	(1907, 'Moore Industries-Int., Inc.'),
	(1063, 'Monarch'),
	(1545, 'Momentive Performance Mtls.'),
	(1062, 'Mohn Media Kalender'),
	(1060, 'Mobile Communications of Charleston'),
	(2839, 'Mizuho Corporate Bank Ltd.'),
	(1059, 'Mitternight (remit)'),
	(2017, 'Mitsui Bussan Textile Co., LTD (remit)'),
	(1058, 'Misc. Package Carrier'),
	(1057, 'Minuteman Press'),
	(1723, 'Mineral & Pigment Solutions'),
	(2021, 'Mill-Rose Co.'),
	(2185, 'Mike Finley'),
	(1056, 'Mighty Lube'),
	(1055, 'Midac Corporation'),
	(1054, 'Microgenics Corporation'),
	(1053, 'Micro Motion Inc (remit)'),
	(1052, 'Micro Motion Inc'),
	(2240, 'Meyers Transport'),
	(1046, 'Mettler-Toledo (remit)'),
	(1045, 'Mettler Toledo'),
	(1044, 'Metro Electric, Inc'),
	(1042, 'Meridian Automation'),
	(1041, 'Mennes GmbH'),
	(1040, 'Menardi LLC (remit)'),
	(1039, 'Menardi LLC'),
	(1038, 'Mellon Bank'),
	(2412, 'Meisei Chemical works, Ltd.'),
	(1037, 'Meisei & Company, Ltd.'),
	(1036, 'Mediterranean Shipping MSC S.A.'),
	(2069, 'Mediterranean Shipping Co. (USA)'),
	(1747, 'Mec-Tric'),
	(1034, 'Measured Solutions, Inc'),
	(1033, 'McNichols Co. (remit)'),
	(1032, 'McNichols Co.'),
	(1031, 'McNaughton-McKay Electric'),
	(1029, 'McNair Law Firm'),
	(1027, 'McMaster Carr Supply Company'),
	(1025, 'McJunkin Corporation'),
	(1023, 'Mayer Textile Machine Corporation'),
	(1000, 'Mayer Electric Supply'),
	(1022, 'Maverick Technologies (formerly GEA'),
	(423, 'Matsumoto Yushi-Seyaku Co., LTD'),
	(3599, 'Material Logistics & Services'),
	(1021, 'Matcon USA, Inc'),
	(1020, 'Master Sheet Metal, Inc'),
	(1019, 'Massey Corporation'),
	(1017, 'Martor USA'),
	(1016, 'Marsh USA Inc'),
	(2358, 'Marlena Fass'),
	(2400, 'Marketing Technology Service, Inc.'),
	(1014, 'Marian de Ruyter'),
	(1013, 'Marc Workshop , Inc'),
	(2103, 'Maplewood Mobile Home Resellers'),
	(1708, 'Manufacturas Voila SA'),
	(1846, 'Mangrove COBRAsource, Inc.'),
	(2436, 'Management Recruiters of East Hempfield'),
	(1011, 'Management Dynamics, inc'),
	(2116, 'Management Dynamics Inc.'),
	(1010, 'Malvern Instruments, Inc. (remit)'),
	(1009, 'Malvern Instruments, Inc.'),
	(1008, 'Malden Mills Creditor Trust'),
	(1007, 'Majemac Enterprises, Inc.'),
	(1006, 'Magnum Freight (remit to)'),
	(1005, 'Magnetrol Intl (remit)'),
	(1004, 'Magnetrol Intl'),
	(789, 'Magnatex Pumps c/o Fluid Solutions'),
	(1003, 'Magnatex'),
	(1002, 'Maersk Line'),
	(999, 'Machinist, Inc'),
	(997, 'Maag Pump Systems'),
	(1077, 'MUSC Executive Health Program'),
	(1071, 'MTM Recognition (remit)'),
	(2065, 'MSDS Solutions'),
	(1069, 'MSC Controls'),
	(3272, 'MS Sales Company'),
	(1047, 'MHNet'),
	(3214, 'MG Trust'),
	(562, 'METROHM USA'),
	(2139, 'MCS Environmental Labratory'),
	(3540, 'MCO Transport, Inc.'),
	(1595, 'MC Schroeder Equipment'),
	(2335, 'M.W. Mercosul Represetacoes Commerciais LTDA.'),
	(996, 'M & P Machinery (formerly Leggemann'),
	(995, 'Lykes Lines LTD LLC (Remit to)'),
	(992, 'Lowcountry Regional EMS Council, In'),
	(1856, 'Low Country Urology Clinics, P.A.'),
	(1858, 'Low Country Medical Claims and Billing'),
	(1980, 'Louisiana Chemical Equipment Co.'),
	(991, 'Lockwood Greene (remit)'),
	(990, 'Lockwood Greene'),
	(2265, 'Livingston & Haven'),
	(3418, 'Liquid Transport LLC'),
	(986, 'Liquid Dynamics, Inc (remit)'),
	(985, 'Liquid Dynamics, Inc'),
	(984, 'Linden Bulk'),
	(983, 'Limehouse & Sons'),
	(2336, 'Lima Bremen E.I.R.L.'),
	(981, 'Liebert Corporation'),
	(980, 'Lidorr Chemical'),
	(979, 'Liberty Fire Protection, Inc (remit)'),
	(978, 'Liberty Fire Protection, Inc'),
	(977, 'Lexisnexis Peoplewise'),
	(3087, 'LexisNexis'),
	(1197, 'Lewis-Goetz & Co., Inc.'),
	(976, 'Leslie C. Turner'),
	(975, 'Leschaco, Inc (remit to)'),
	(974, 'Leschaco, Inc'),
	(973, 'Lemco Mills'),
	(972, 'Leistritz Corporation'),
	(971, 'Leggemann Machinery'),
	(970, 'Lawson-Hemphill (remit)'),
	(969, 'Lawson-Hemphill'),
	(967, 'Laser Perfect Imaging Products'),
	(2395, 'Laredo Becnel Inc.'),
	(961, 'Lanxess de Mexico S.A. de C.V.'),
	(965, 'Lanxess India Private Limited'),
	(964, 'Lanxess Distribution GmbH'),
	(963, 'Lanxess Distribution (remit to)'),
	(962, 'Lanxess Deutschland GmbH'),
	(413, 'Lanxess Corporation'),
	(960, 'Lanxess Brazil SA'),
	(959, 'Lanxess (remit)'),
	(958, 'Lanxess (PTY) LTD'),
	(957, 'Landstar Ranger / Express (remit)'),
	(956, 'Landmark Construction'),
	(2333, 'Lacotex'),
	(2214, 'LabelMaster'),
	(953, 'Lab Safety Supply, Inc (remit)'),
	(952, 'Lab Safety Supply, Inc'),
	(994, 'LXE (remit to)'),
	(989, 'LLR Engineers & Surveyor Board'),
	(2014, 'LIST USA Inc.'),
	(951, 'L.R.Gorrell'),
	(950, 'L & R Manufacturing'),
	(1744, 'Kyuasa Corporation'),
	(418, 'Kyowa Chemicals'),
	(2376, 'Kuehne & Nagel, Inc.'),
	(947, 'Kone, Inc (remit to)'),
	(946, 'Kone, Inc'),
	(944, 'Kolene Corporation'),
	(1785, 'Koch-Glitsch LP'),
	(943, 'Kluber Lubrication (remit)'),
	(942, 'Kluber Lubrication'),
	(2078, 'Klaus Union, Inc.'),
	(940, 'Kinsmen Corp (remit to)'),
	(939, 'Kinsmen Corp'),
	(2337, 'Kinob Traders S.A. de C.V.'),
	(938, 'King Media Associate'),
	(2137, 'Kimberly-Clark Administrative Center (remit)'),
	(3305, 'Kiln Direct, Inc.'),
	(2429, 'Keyence'),
	(1992, 'Ken Clary & Co., LLC'),
	(2403, 'Kellett Enterprises'),
	(931, 'Kawajyu Shoji Co. Ltd.'),
	(930, 'Kasen International Corp.'),
	(2386, 'Kansai USA Corporation'),
	(928, 'Kano Laboratories'),
	(935, 'KEP (remit)'),
	(934, 'KEP'),
	(933, 'KDP  remit (was Intex-Legg & Platt)'),
	(932, 'KDP'),
	(941, 'K-Line America Inc.'),
	(1540, 'Jones Management LLC'),
	(921, 'Johnson Controls (service only)'),
	(920, 'Johnson Controls (remit)'),
	(919, 'Johnson Controls (parts only)'),
	(912, 'Jerry Stafford Public Relations'),
	(3095, 'Jerry Reeves'),
	(3598, 'Jeff Ettin'),
	(908, 'Jauregui, Navarrete, Nader Y Rojas,'),
	(2110, 'Jarrard, Nowell & Russell, LLC'),
	(1609, 'Jamco International Inc.'),
	(2202, 'Jacobs'),
	(927, 'JW Rew'),
	(2198, 'JUMO'),
	(915, 'JMS Southeast Inc'),
	(2815, 'JBB Enterprises,Inc.'),
	(910, 'JB Systems'),
	(906, 'J.K.Brooks & Associates, Inc'),
	(905, 'J.E. Merit Constructors, Inc'),
	(904, 'J.E. Merit Constructors (remit to)'),
	(903, 'J.E.  Teske CHB'),
	(3290, 'J C Pallet'),
	(901, 'J & J Mid-South'),
	(899, 'Ishihara Electric Heater MFG'),
	(896, 'Invensys Systems, Inc'),
	(1887, 'Intex DIY, Inc.'),
	(2464, 'Intertek Group plc'),
	(426, 'International Paper'),
	(1788, 'International Machinery Sales'),
	(891, 'International Data Services'),
	(890, 'International Crystal Labs'),
	(2158, 'Internal Revenue Service'),
	(888, 'Intermodal Bridge Transport (remit)'),
	(886, 'Intergraph Corp'),
	(1503, 'Interflow (T.C.S.) Ltd.'),
	(778, 'Intelligrated Systems, LLC'),
	(3241, 'Integrated Power Services'),
	(2339, 'Insumtex LTDA'),
	(884, 'Instrument & Valve Services Co (remit)'),
	(883, 'Instrument & Valve Services Co'),
	(882, 'Inspect Tech, Inc'),
	(430, 'Innovative Packaging, Inc.'),
	(880, 'Inform, Inc'),
	(3392, 'Industrial Mechanical, Inc.'),
	(2086, 'Industrial Electronics Corp.'),
	(3518, 'Industrial Controls'),
	(877, 'Industrial Container Services'),
	(2692, 'Industrial Concepts, Inc.'),
	(2921, 'IndSpec Systems Inc.'),
	(2632, 'Idea Global'),
	(2804, 'ITW Shippers Products'),
	(2835, 'ITOCHU Chemicals America'),
	(2310, 'ITOCHU CHEMICAL FRONTIER Corporation'),
	(2282, 'IPS Packaging'),
	(3244, 'INDA'),
	(2259, 'IDEA LLC'),
	(871, 'IBM Direct'),
	(1942, 'I & M Industrials'),
	(790, 'Hydradyne Fluidair (formerly Carolina Fluidair)'),
	(2383, 'Horai Co., LTD'),
	(2321, 'Hookset Corporation'),
	(866, 'Honor Equipment Company LLC'),
	(865, 'HomeWood Suites'),
	(1712, 'Home Telephone co.'),
	(863, 'Holox/Linde Gas'),
	(862, 'Hohenstein Institute America, Inc'),
	(860, 'Hobgood Electric'),
	(859, 'Hewlett-Packard (remit)'),
	(857, 'Hewlett Packard Company'),
	(856, 'Heute + Comp GmbH + Co.'),
	(2211, 'Heritage Transformer Company'),
	(2132, 'Henderson Machinery'),
	(1879, 'Hellmann Worldwide Logistics, Inc.'),
	(851, 'Heavenly Ham'),
	(3138, 'Heat Transfer Sales'),
	(850, 'Haynsworth Sinkler Boyd, P.A.'),
	(849, 'Haver & Boecker'),
	(847, 'Haskell International, Inc'),
	(845, 'Hapag Lloyd America (remit to)'),
	(2111, 'Hankyu Int\'l Transport (USA) Inc.'),
	(1855, 'Hank Kearse, M.D.'),
	(843, 'Hanjin Shipping'),
	(3281, 'Hangzhou Asahikasei Spandex Co., LTD'),
	(841, 'Hamburg Sud'),
	(839, 'Hahn-Mason Air Systems, inc'),
	(837, 'Hagemeyer North America Electrical'),
	(1573, 'HSA Bank'),
	(3303, 'HANGZHOU CORENSO HUALUN PAPER CORE CO.,LTD'),
	(1646, 'H2flow Controls, Inc. (formerly Emotron)'),
	(836, 'H.C. Warner (remit)'),
	(835, 'H.C. Warner'),
	(834, 'H P small-medium business machines'),
	(831, 'Grr! Giant Resource Recovery-Harleyville, Inc.'),
	(830, 'Groz-Beckert USA'),
	(829, 'Groz-Beckert Canada'),
	(2480, 'Groth Corporation'),
	(826, 'Groth Corp'),
	(825, 'Gregory Poole Equipment Co.'),
	(2821, 'Greg Hearn'),
	(2270, 'Gray Contracting LLC'),
	(2200, 'Graphic Products'),
	(421, 'Goulston Technologies'),
	(2032, 'Goodway'),
	(822, 'Goodman Factors'),
	(821, 'Goodfellow Corp'),
	(820, 'Good Earth'),
	(819, 'Gold Toe Brands Attn: Chappel Whitt'),
	(3183, 'Godshall and Godshall'),
	(2332, 'Global Fil'),
	(817, 'Global Exchange Services'),
	(3534, 'Georgia-Pacific Corporation'),
	(813, 'George E.Missbach & Co'),
	(2696, 'Genworth Financial'),
	(2920, 'General Laboratory Supply'),
	(2221, 'Gemworth Financial'),
	(3514, 'Gatch Electrical Contractors, Inc.'),
	(807, 'Gaston Fabrication'),
	(3412, 'Gardner Denver Nash c/o E. W. Klein & Company'),
	(3075, 'Gantrade Corporation'),
	(804, 'Galbraith Laboratories'),
	(803, 'Gai-Tronics Corporation'),
	(833, 'GXS'),
	(812, 'GEL Engineering, LLC'),
	(1173, 'GEA Renzmann & Grunewald GmbH'),
	(417, 'GE Silicones'),
	(809, 'GE Corporate Card Services'),
	(801, 'G.Frey GMBH & Company KG'),
	(3178, 'Furniture Services, Inc.'),
	(1586, 'Fuji Filter Manufacturing Co. LTD.'),
	(798, 'Fuji America, Inc.'),
	(1804, 'Frischkorn Inc.'),
	(2179, 'Franchise Tax Board'),
	(1714, 'Fragomen, Del Rey, bernsen & Loewy, LLP'),
	(2133, 'Forschungsinstitut Hohenstein'),
	(2186, 'Ford Motor Credit Co.'),
	(792, 'Food Service, Inc.'),
	(791, 'Fluidair (of Chas) (remit)'),
	(788, 'Fluid Power of the Carolinas'),
	(787, 'Fluid Flow Products, Inc.'),
	(3646, 'Fluid Components International'),
	(784, 'Flowserve US, Inc.'),
	(783, 'Flotech, Inc'),
	(1789, 'Flexible Corporate Plans, Inc.'),
	(780, 'Flex-Kleen Corporation'),
	(773, 'Fisher Scientific'),
	(772, 'Fisher Controls International'),
	(770, 'Filtration Systems'),
	(769, 'Fike c/o Met-Tric Controls'),
	(776, 'Fi-Tech, Inc'),
	(767, 'Festo Corp C/O Bertelkamp Automatio'),
	(766, 'Fennell Container Company, Inc'),
	(764, 'Feirwerkbau A. Hammer'),
	(760, 'Federal Express Saver (Pkg)'),
	(759, 'Federal Express 2nd day'),
	(758, 'Federal Express (remit)'),
	(757, 'Federal Express (Pri - 10:30)'),
	(2701, 'FedEx Freight'),
	(762, 'FedEx Custom Critical'),
	(756, 'Faulkner/Haynes Associates, Inc.'),
	(2930, 'Fastenal'),
	(3366, 'Fairbanks Scales'),
	(3079, 'FSL'),
	(797, 'FS Industries'),
	(781, 'FLIR Systems'),
	(777, 'FKI Logistix (remit)'),
	(1784, 'FCX Performance'),
	(2175, 'Express Services, Inc.'),
	(3559, 'Expeditors-Charleston'),
	(753, 'Exel Global Logistics (remit to)'),
	(751, 'Exel Global (Logistics)'),
	(2277, 'Excel, Inc.'),
	(749, 'Excel Apparatus Services, Inc'),
	(1885, 'Everlight USA, Inc.'),
	(748, 'Evergreen America Corp'),
	(746, 'Estes Express Lines'),
	(745, 'Estanit GmbH'),
	(2364, 'Errol Thomas'),
	(741, 'Equipment & Controls Inc'),
	(740, 'Environmental Resource Center (remi'),
	(2151, 'Environmental Engineering Sciences, LLC'),
	(739, 'Entivity'),
	(1893, 'Enterprise Transportation Co.'),
	(738, 'Enterprise Technologies, Inc'),
	(737, 'Enka Technica, GMBH'),
	(736, 'Englewood Company, Inc'),
	(2710, 'Engineered Lifting Systems'),
	(735, 'Enecon Southeast'),
	(734, 'Endress+Hauser c/o Carotek, Inc.'),
	(2786, 'Employ+ Ability, Inc.'),
	(2742, 'Emory Wilson Process, LLC'),
	(732, 'Emory Wilson'),
	(731, 'Emil Broell GmbH & Co'),
	(730, 'Emerson Process Management'),
	(982, 'Emerson Network Power, Liebert Services Inc.'),
	(728, 'Embassy Suites Charleston'),
	(3323, 'Elk Trucking DBA Parker Transportation'),
	(2272, 'Electrical Reliability Services, Inc'),
	(3512, 'Electric Service'),
	(723, 'Ekato Corporation'),
	(721, 'Edwards Wood Products - Scotland'),
	(720, 'Edwards Wood Products'),
	(718, 'Econocaribe Consolidators (remit to)'),
	(716, 'Eclectic Chef'),
	(3022, 'Echo Industry Limited'),
	(1923, 'Eaton Corporation'),
	(3270, 'Easy Way Insulation Co.'),
	(2445, 'Eastern Electric'),
	(1945, 'Eagle Systems Trucking Co.'),
	(743, 'ERD Ltd'),
	(714, 'ECK Supply Co'),
	(713, 'E=MC4I,Inc'),
	(710, 'E.M.E.S.'),
	(709, 'Dynisco Instruments'),
	(708, 'Duratech Inc.'),
	(707, 'Dunn & Bradd Street (remit)'),
	(1813, 'Duncan - Parnell'),
	(3232, 'DuPont'),
	(2398, 'Doyle & Roth Manufacturing Co. Inc.'),
	(424, 'Dow Corning Corporation'),
	(3039, 'Doug Vance'),
	(3508, 'Donna Way'),
	(700, 'Dodson Brothers Exterminating'),
	(2414, 'Docugraphics, LLC'),
	(699, 'Diners Club'),
	(697, 'Dillon Supply Co'),
	(694, 'Dienes Apparatus, Inc'),
	(2031, 'Diamond Springs Water'),
	(686, 'Deringer'),
	(3546, 'Department of The Treasury'),
	(685, 'Department of Revenue Services'),
	(1686, 'Delta Dental of Missouri'),
	(684, 'Deloitte Tax LLP'),
	(2107, 'Dell Service Sales'),
	(683, 'Dell Marketing L.P.'),
	(682, 'Dell Financial Services'),
	(681, 'Dell Financial (remit)'),
	(680, 'Dell Computer Co'),
	(3621, 'Delaware Secretary of State'),
	(2128, 'Delaware Division of Revenue'),
	(2268, 'DeSales Trading Company, Inc.'),
	(677, 'Dayton Freight Lines, Inc'),
	(675, 'Day & Zimmerman International, Inc.'),
	(674, 'Davison Publishing Co, Inc'),
	(673, 'Davis Vision'),
	(669, 'Datacolor'),
	(665, 'Danner MOC'),
	(2258, 'DP Warnecki Enterprise, LLC'),
	(1692, 'DINOX Handels-GmbH'),
	(2482, 'DHL Express (USA-Boston)'),
	(2391, 'DHL Express (USA), Inc.'),
	(3007, 'DHL Express (USA - California), Inc.'),
	(2460, 'DHL Express (USA - Atlanta)'),
	(691, 'DHL Express'),
	(687, 'DHL Danzas Air & Ocean'),
	(3049, 'DHL - (USA Chicago)'),
	(2102, 'DHEC'),
	(3329, 'DBR Associates, Inc.'),
	(663, 'D and S International'),
	(662, 'D & B'),
	(414, 'Cytec Industries'),
	(1780, 'Cyclops Industries Inc.'),
	(659, 'Customs + Exports Inc.'),
	(1787, 'Curd Enterprises'),
	(652, 'Cross Automation'),
	(649, 'Cranston Trucking Company (remit)'),
	(2113, 'Cramer Inc.'),
	(647, 'Corporate Express'),
	(2640, 'Core One Properties, LLC'),
	(3207, 'Cooper River Partners, LLC'),
	(644, 'Conway Transportation Services'),
	(642, 'Control Corporation of America'),
	(1874, 'Continuum Trasportation Services, LTD'),
	(1490, 'Continental Industries'),
	(641, 'Computer Plus'),
	(1740, 'Comfort Suites'),
	(635, 'Combotronics'),
	(2340, 'Columbiana De Comercio S.A.'),
	(634, 'Columbia Fluid System (remit)'),
	(3334, 'Columbia Container Lines USA'),
	(631, 'Coastal Hydraulics'),
	(627, 'Clear Mountain Spring Water'),
	(3571, 'Clean Management Environmental Group, Inc.'),
	(625, 'Clean Harbors Environmental Systems'),
	(624, 'Clean Earth Systems, Inc'),
	(2738, 'City Electric Supply'),
	(618, 'Cirrus Tech'),
	(2462, 'Circle Int. Inc. DBA EGL Global Brokerage'),
	(616, 'Circle Environmental (remit to)'),
	(2148, 'CintasCorporation'),
	(613, 'Cintas'),
	(610, 'Chubb Group of Insurance Co'),
	(608, 'Chromalox - South Carolina'),
	(3234, 'Chromalox (PO\'s must be issued/e-mailed to Applebe'),
	(422, 'Chemtura'),
	(2350, 'Chemson'),
	(597, 'Chemineer Inc. c/o Chapman Associates, Inc'),
	(606, 'Chemineer Inc'),
	(1915, 'Chemcentral'),
	(2365, 'ChemPoint'),
	(605, 'Chem-Dry'),
	(604, 'Cheetah Transportation Inc LLC'),
	(3506, 'Che Scientific Co.'),
	(2096, 'Charlestowne Engineering LLC'),
	(602, 'Charleston Women in International Trade'),
	(601, 'Charleston Sign & Banner'),
	(600, 'Charleston Rubber and Gasket'),
	(2029, 'Charleston Metro Chamber of Commerce'),
	(3486, 'Charleston Glass'),
	(3625, 'Charles F. Rada'),
	(2471, 'Chandler\'s Reed Hooks'),
	(1703, 'Champion Trading Corp.'),
	(594, 'Ceramco Printech'),
	(595, 'CeramTec N.A.'),
	(1898, 'Century Fasteners'),
	(645, 'Century 21 Properties Plus, Inc.'),
	(1925, 'Central Transport'),
	(591, 'Carrington Engineering'),
	(589, 'Carotek, Inc'),
	(588, 'Caroplast'),
	(2121, 'Carolyn M. Umphlett'),
	(2810, 'Carolina Waste Solutions'),
	(586, 'Carolina RX Labs LLC'),
	(583, 'Carolina Office System'),
	(582, 'Carolina Mobile Storage Inc.'),
	(2184, 'Carolina Industry Technical Services Corp.'),
	(581, 'Carolina Fluid Components'),
	(580, 'Carolina Filters, Inc'),
	(2848, 'Carolina Elevator Service Inc.'),
	(579, 'Carolina Controls Company'),
	(578, 'Carolina Chillers'),
	(577, 'Carolina Chemical Equipment'),
	(1768, 'Carlton-Bates Co.'),
	(574, 'Cardinal Container Services'),
	(1553, 'Caraustar'),
	(572, 'Cannon Instrument Company'),
	(2790, 'Calgon Carbon Corp.'),
	(1575, 'Cabot Cove Company'),
	(3001, 'CWFC Farris'),
	(1847, 'CT Corporation'),
	(655, 'CSI Automation & Controls'),
	(654, 'CSC'),
	(1694, 'CSAV'),
	(1774, 'CRX laboratories L.L.C'),
	(648, 'CPI Graphics, Inc'),
	(1917, 'CMMC Machine'),
	(2040, 'CIMTEC'),
	(1709, 'CEM'),
	(593, 'CDI Corporation'),
	(592, 'CCNI (Norton Lilly Int\'l)'),
	(2160, 'CAMH Star Forwarding Agency, Inc'),
	(569, 'C.H. Robinson Worldwide (remit)'),
	(568, 'C M Marketing'),
	(567, 'Busak and Shamban'),
	(2233, 'Bryan, Truesdale, Adkins & Williams, PA'),
	(3403, 'Bruce Donald'),
	(564, 'Brooks Instrumentation Division (see Robert S. Hud'),
	(563, 'Brookfield Engineering Lab, Inc'),
	(1598, 'Brodie Meter c/o Robert S. Hudgins Comapny'),
	(559, 'Bridge Terminal Transport (remit)'),
	(412, 'Brenntag'),
	(558, 'Boot Jack'),
	(3235, 'Boasso America'),
	(1852, 'BlueChoice HealthPlan'),
	(556, 'Blue Cross Blue Shield of SC'),
	(555, 'Blaze Systems'),
	(554, 'Bircher America Inc.'),
	(552, 'Billings Freight Systems (remit to)'),
	(3544, 'Big Daddy Drayage'),
	(43, 'Bestway'),
	(551, 'Bertelkamp Automation, Inc'),
	(550, 'Berlitz (remit)'),
	(2837, 'Berkeley/Dorchester V R Center'),
	(3414, 'Berkeley County Water & Sanitation'),
	(3283, 'Berger Transfer & Storage'),
	(546, 'Benjamin Bruner'),
	(1733, 'Belcan Corporation'),
	(541, 'Bayer Thai Co., Ltd'),
	(543, 'Bearing Distributors, Inc'),
	(415, 'Bayer Material Science'),
	(540, 'Bayer SA'),
	(2217, 'Bayer Heritage FCU'),
	(538, 'Bayer Corp & Business Services'),
	(535, 'Batteries Plus - 231'),
	(2467, 'Bartlett Controls, Inc.'),
	(1552, 'Barnett-Hornberg Inc'),
	(532, 'Barloworld Handling Inc'),
	(531, 'Barker Air & Hydraulics'),
	(2326, 'Bank of Tokyo-Mitsubishi UFJ, Ltd'),
	(526, 'Babst, Caland, Clements and Zomnir'),
	(565, 'BSI Management Systems America'),
	(1795, 'BPIC 25 Year Club'),
	(2341, 'BFA S.A.'),
	(2100, 'BB&T of South Carolina'),
	(536, 'BAX Global'),
	(525, 'B.W. Clark'),
	(425, 'BASF Corporation'),
	(523, 'B & D Marine & Industrial'),
	(1967, 'B & D Boilers'),
	(2001, 'Averitt Express Inc.  (remit)'),
	(3184, 'Automation Integration Services LLC'),
	(3177, 'Automatic Controls Company'),
	(2043, 'Atlantic Process Controls, Inc.'),
	(2846, 'Atlantic Packaging Corp'),
	(1551, 'Atlantic Corporation'),
	(519, 'Atlantic Coast Steel'),
	(518, 'Atlan-Tec Inc'),
	(3626, 'Assatex Sa De CV'),
	(511, 'Ashland Specialty Chemical Co'),
	(391, 'Asahi Kasei Trading Co.'),
	(416, 'Asahi Kasei Spandex Europe GmbH'),
	(3555, 'Asahi Kasei Fibers Corporation - Roica Factory'),
	(509, 'Asahi Kasei Fibers Corporation'),
	(508, 'Asahi Kasei Engineering Corp'),
	(3163, 'Asahi Kasei Corporation'),
	(1429, 'Asahi Kasei America, Inc.'),
	(2342, 'Asahi Chemical Hong Kong'),
	(505, 'Arbil Safety'),
	(506, 'Arizona Instrument LLC'),
	(504, 'Aramark Uniform Services, Inc'),
	(1834, 'Aquilex HydroChem, Inc.'),
	(500, 'Applied Industrial Tech, Inc'),
	(499, 'Applebee-Church, Inc'),
	(1680, 'Applied Engineering, Inc.'),
	(496, 'Aon Risk Services Inc of Georgia'),
	(497, 'Apartment & Corporate Relocation Service'),
	(495, 'Ann Voit Language School'),
	(2134, 'Andover Coated Products'),
	(2388, 'American Wiping Rags'),
	(1901, 'American United Life Insurance Company'),
	(493, 'American Steamship'),
	(1815, 'American President Lines'),
	(491, 'American Pipe, Inc'),
	(490, 'American Petroleum Institute'),
	(489, 'American Lewa, INC'),
	(2406, 'American Pensions'),
	(488, 'American Fiber Association'),
	(1984, 'American Express Bank Ltd.'),
	(486, 'Altyn Sales Co.'),
	(2349, 'American Cancer Society'),
	(485, 'Altex Corporation'),
	(484, 'Alston & Bird LLP'),
	(481, 'Allied Electronics'),
	(482, 'Allied Steel Corporation'),
	(480, 'Allen and Webb Corporation'),
	(479, 'All Hands Fire Equipment'),
	(478, 'All Coast Intermodal Services'),
	(476, 'Alfa Lavall'),
	(3316, 'Alianca Lines, Inc.'),
	(474, 'Alfa Laval c/o Custom Equipment Solutions'),
	(473, 'Alexim Trading (remit to)'),
	(411, 'Albahealth'),
	(410, 'Akzo Nobel Functional Chemicals LLC'),
	(409, 'Airstar'),
	(408, 'Airgas'),
	(1079, 'Airgas National Welders'),
	(406, 'Air Centers of South Carolina, Inc.'),
	(407, 'Air Products'),
	(405, 'Aetna Life Insurance Co.'),
	(404, 'Aero Service Corp'),
	(553, 'Aero Logistics'),
	(402, 'Advantec Global Services, Inc.'),
	(2035, 'Advanced Technology Services, Inc.'),
	(1926, 'Advanced Handling Services'),
	(2129, 'Advanced Computing Solutions, Inc.'),
	(3636, 'Adatex SA Industrial Comercial'),
	(400, 'Ace USA'),
	(2293, 'Action Locksmith Service'),
	(3230, 'Accusort (Credit card ONLY)'),
	(399, 'Accratec Engineering, Inc.'),
	(3469, 'Absolute Pest Solutions, LLC'),
	(398, 'Access Portable Toilets, Inc.'),
	(396, 'Absolutely Charleston'),
	(394, 'Able Electrical Construction'),
	(393, 'Abernathy Thomas'),
	(517, 'ATG-CSAV & Libra Lines'),
	(612, 'AT&T Mobility'),
	(2164, 'AL BILTON FORD-MERCURY, INC'),
	(1647, 'AKSA Bushy Park'),
	(2855, 'AKSA - HSA'),
	(2856, 'AKSA - FSA'),
	(401, 'ADP'),
	(403, 'AEA Technology Engineering Services'),
	(2857, 'AKSA - Bank Charges'),
	(397, 'AC Controls Co. Inc.'),
	(395, 'ABS Consulting Services'),
	(1507, 'ABN AMRO Bank NV'),
	(1842, 'ABB, Inc.'),
	(392, 'AAA Cooper Transportation'),
	(287, 'A-1 Locksmith'),
	(44, 'A C Corp'),
	(2304, 'A & E Engineering, Inc.'),
	(2729, '3R of Charleston, Inc.'),
	(657, '3M Purification Inc.'),
	(2131, '3E Company'),
	(1097, 'Northern Safeco Inc. (remit to)'),
	(1096, 'Northern Safety'),
	(1191, 'Northern Safety Co'),
	(1098, 'Norton Lilly'),
	(2230, 'OCS Checkweighers, Inc.'),
	(1820, 'OOCL'),
	(1100, 'Office Depot Corporate Support Cent'),
	(3401, 'OfficeMax Incorporated'),
	(3324, 'Ohno E Oshikiri Advogados'),
	(1101, 'Old Dominion Freight'),
	(1102, 'Olsten'),
	(1599, 'Olympus Industrial America'),
	(1103, 'Omega Engineering, Inc'),
	(1105, 'Omegasonics'),
	(1106, 'One Stop Seafood Shop'),
	(1107, 'OneSource LLC (remit)'),
	(2688, 'Onen & Kalac Law Office'),
	(1108, 'Overhead Door Co of Charleston'),
	(1109, 'Overnite Transportation (remit to)'),
	(1110, 'P & O Nedlloyd (remit to)'),
	(1112, 'PA Dept of Revenue'),
	(1111, 'PACE (Marley)'),
	(3280, 'PAF Sales, L.L.C'),
	(1119, 'PAM Trading Corp'),
	(1120, 'PAM Trading Corp (remit)'),
	(3262, 'PAM Trading Corporation'),
	(1137, 'PGC, Inc'),
	(2455, 'PROTERM, LLC'),
	(1160, 'PRP International'),
	(1161, 'PST Charleston, Inc'),
	(1164, 'PVM GmbH'),
	(1113, 'Pacific Data Marketing'),
	(1114, 'Pacific Express'),
	(1115, 'Pacific Toxicology Laboratories'),
	(2826, 'Packaging Corporation of America'),
	(1116, 'Palmetto Consulting Group'),
	(1117, 'Palmetto Equipment & Supply'),
	(2393, 'Palmetto Outfitters'),
	(1118, 'Palmetto Services'),
	(3161, 'Palmetto State Property Mgt.'),
	(2173, 'Palmetto State Transportation Co. Inc.'),
	(1121, 'Panalpina - Chas'),
	(1122, 'Panametrics Inc'),
	(1123, 'Panametrics Inc (remit)'),
	(1124, 'Panther II Transportation (remit)'),
	(2415, 'Parameter Generation & Control, Inc.'),
	(1125, 'Parker Instrument Company'),
	(1127, 'Patriots Plaza'),
	(1128, 'Patt Fitration'),
	(2231, 'Patty\'s Custom Leather & Canvas'),
	(1149, 'Pawling Corp.'),
	(1131, 'Penn Bottle & Supply'),
	(1132, 'Penn Bottle & Supply (remit to)'),
	(1133, 'Pepper Moon Catering'),
	(1134, 'Permik Industrial Supply, Inc.'),
	(1135, 'PetroLiance'),
	(1136, 'PetroLiance (ex Lubricants Technonology) (remit)'),
	(1754, 'Philadelphia Mixing Solutions'),
	(1138, 'Phillips Industrial Services'),
	(3536, 'Physicians Eyecare Plan'),
	(1829, 'Piedmont Instruments & Controls'),
	(1139, 'Piedmont Systems'),
	(1140, 'Pitney Bowes Credit Corp'),
	(1142, 'Pittsfield Plastics'),
	(1143, 'Plantation Florist & Gifts'),
	(3606, 'Pluff Mudders, LLC'),
	(1145, 'Pnucor (remit)'),
	(1144, 'Pnucor, LLC'),
	(1146, 'Pomeroy IT Solutions'),
	(1147, 'Pomeroy IT Solutions (remit)'),
	(1148, 'Postage By Phone'),
	(2698, 'Power Plus International'),
	(1805, 'Power Technology Inc.'),
	(1150, 'PricewaterhouseCoopers LLP'),
	(1151, 'Prime Industries'),
	(1152, 'Prime Industries (remit)'),
	(1153, 'Prime Technology Group LLC'),
	(1154, 'Prime Technology Group LLC (remit)'),
	(1155, 'Printerm Datascribe, Inc'),
	(1156, 'Printerm Datascribe, Inc (remit)'),
	(1159, 'ProPart Quality Pump Parts'),
	(1157, 'Process Equipment'),
	(1158, 'Process Technical Sales Inc'),
	(3258, 'Progressive Business Publications'),
	(1162, 'Puersan Pigment'),
	(1862, 'Pumps, Parts & Service, Inc.'),
	(1163, 'Purolator E.F.P.'),
	(3537, 'Pursan Pigment Urunleri'),
	(949, 'Pye Barker'),
	(2261, 'Qingdao Taiji Packing Co.  LTD.'),
	(1902, 'Quality Carriers'),
	(3279, 'Quality International Cartage, LLC'),
	(1165, 'Quantum'),
	(1166, 'R A Moore Inc'),
	(1167, 'R A Moore Inc (remit)'),
	(1169, 'RCC (Radio Communications of Chas)'),
	(1172, 'REM Services, Inc'),
	(1180, 'REM Services, Inc.'),
	(1462, 'RHDC International'),
	(3384, 'RSC Equipment Rental'),
	(2120, 'Ramsey Mfg. Co, Inc.'),
	(3576, 'Randstad'),
	(1170, 'Regional Material Handling'),
	(1171, 'Rehabilitation Centers of Charleston'),
	(1174, 'Repack Industrie - Verpackungs GmbH'),
	(1810, 'Residence Inn-Mt Pleasant'),
	(1760, 'Resolution Management Consultants'),
	(1175, 'Restaurant Equipment Rental'),
	(1176, 'Restek Corp'),
	(1177, 'Restek Corp (remit to)'),
	(1178, 'Richard P.Joblove, P.A.'),
	(1179, 'Roadway Express (remit to)'),
	(1892, 'Robert E Mason & Associates'),
	(1181, 'Robert Half Finance & Accounting (r'),
	(1183, 'Robert S. Hudgins Company'),
	(1184, 'Rockhurst University'),
	(1185, 'Rockwell Automation'),
	(1186, 'Rosemount Analytical Inc'),
	(1187, 'Rosemount Inc'),
	(1188, 'Rosemount Inc (remit)'),
	(1189, 'Roto-Rooter, Inc'),
	(2055, 'Rutherford Pump Systems Inc.'),
	(3380, 'S. A. Charron & Co.'),
	(2771, 'S.C. Toyota Tsusho Do Brasil Ltda'),
	(1190, 'S.I.T.INDEVA, INC (ex Scaglia)'),
	(2180, 'SC Department of Revenue'),
	(1204, 'SC Dept of Labor, Licensing & Reg'),
	(1207, 'SDT North America Ltd'),
	(1208, 'SDV (USA) Inc.'),
	(1215, 'SENKO CO., LTD'),
	(2071, 'SOR c/o Criterion'),
	(501, 'SPX Flow Technology, APV North America'),
	(1705, 'SSI Schaefer Systems Int., Inc.'),
	(1277, 'SWS Systems, Inc'),
	(1193, 'Safety-Kleen Systems, Inc'),
	(1194, 'Safety-Kleen Systems, Inc (remit)'),
	(2243, 'Sage Software'),
	(1195, 'Saint-Gobain'),
	(1196, 'Sam\'s Club'),
	(1199, 'Santee Industrial Products'),
	(1200, 'Sapona Mfg. Co Inc'),
	(1201, 'Sapona Mfg.Co. Inc (remit)'),
	(1202, 'Saurer Inc (Barmag) remit'),
	(1203, 'Saurer Inc (Barmag) repairs only'),
	(1205, 'Schuetz Container System, Inc'),
	(1206, 'Scientific Technologies, Inc'),
	(1209, 'Seaco Industries, Inc.'),
	(1210, 'Seafront Law Office, Suite 1008B'),
	(1212, 'Secretary of State Corporate Div'),
	(1213, 'Secretary of the State'),
	(1853, 'Security Life Ins. co. of America'),
	(1214, 'Seltrol'),
	(1920, 'Sensonetics'),
	(2060, 'Service Industrial Supply Inc.'),
	(1216, 'Service Solutions Inc  SSC'),
	(1217, 'Service Transfer, Inc.'),
	(1218, 'Service Transport'),
	(3179, 'Shanghai Acoustics Laboratory'),
	(1219, 'Shanghai Kelee Industry Co. Ltd.'),
	(1541, 'Shanghai Myfair Industry Co. Ltd.'),
	(1800, 'Shannon Systems, LLC'),
	(2727, 'Shealy Electrical'),
	(1220, 'Sheer Delight'),
	(1221, 'Shipco LCL'),
	(1222, 'Shipco LCL (remit to)'),
	(2359, 'Shipping Digest'),
	(1223, 'Siemens Energy & Automation'),
	(1224, 'Siemens Energy & Automation (remit)'),
	(1225, 'Siemens Water Technologies Corp.'),
	(1226, 'Siemens Water Technologies Corp. (remit)'),
	(1227, 'Sigma-Aldrich Corp'),
	(1229, 'Sikes Radio'),
	(2301, 'Simmons & Simmons'),
	(1230, 'Simplex Grinnell'),
	(1231, 'Sisson Scale & Equipment Company'),
	(1232, 'SkillPath Seminars (remit)'),
	(1233, 'Slay Transportation'),
	(1234, 'Slot-Nankai Company Limited'),
	(3064, 'Smalley Steel Ring Company'),
	(1934, 'Smartware Group'),
	(2251, 'Smurfit-Stone Container Enterprises, Inc.'),
	(1235, 'Smurph Express (remit to)'),
	(1236, 'Snap Trucking Inc (remit)'),
	(1237, 'Society for Human Resource Mgmt'),
	(1238, 'Software Projects Consulting'),
	(1239, 'Soil Consultants, Inc'),
	(427, 'Sonoco Products Ind Div'),
	(2709, 'Sonoco Recycling'),
	(1241, 'South Carolina Fire Academy'),
	(1851, 'South Carolina Health Insurance Pool'),
	(1242, 'Southeast Industrial Equipment'),
	(1243, 'Southeastern Dock & Door'),
	(1244, 'Southeastern Freight Lines (remit)'),
	(1245, 'Southern Elevator'),
	(1246, 'Southern Loom Reed'),
	(1247, 'Southern Management, Inc'),
	(1248, 'Southern Optical (remit)'),
	(1249, 'Southern Pump & Tank'),
	(1250, 'Southern Substation Inc'),
	(1251, 'SpandexOne LLC'),
	(1252, 'Sprint PCS'),
	(1253, 'Square D Company'),
	(1254, 'Squire-Cogswell/Aeros'),
	(1263, 'St-Gobain-Zirpro'),
	(1255, 'Stallings Industries'),
	(1256, 'Standard Coffee Service Co'),
	(1257, 'Standard Corp Integrated Logistics'),
	(1258, 'Staples'),
	(1751, 'Staples -- Remit'),
	(1261, 'Steve Ray'),
	(1262, 'Stevens Roofing Systems'),
	(1264, 'Stier, Kent & Canady, Inc'),
	(1265, 'Stolt-Nielsen Transportation Group'),
	(472, 'Store Tax Agency'),
	(1266, 'Stretchline UK Ltd'),
	(2451, 'Subway dba Kilgore Inc.'),
	(419, 'Sud-Chemie Inc'),
	(1267, 'Sullivan and Associates'),
	(1268, 'Sulzer Chemtech USA'),
	(1269, 'Summer Industries'),
	(1270, 'Sun Chemical'),
	(1272, 'Sunbelt Scanning Systems'),
	(2222, 'Superior Technical Ceramics Corp.'),
	(1273, 'Supreme Elastic Corp (remit)'),
	(1275, 'Swisslog Logistics'),
	(1276, 'Swisslog Warehouse (remit)'),
	(1278, 'Symbol'),
	(1279, 'Symtech, Inc.'),
	(1280, 'Syndicon Group Inc'),
	(1539, 'Systech (Shanghai) Ltd.'),
	(1281, 'T & T Sports'),
	(2207, 'T.Q.Abrasive Machining'),
	(2093, 'TABY America, Inc.'),
	(2334, 'TAS'),
	(1681, 'TCI America Inc.'),
	(1318, 'TLV'),
	(2083, 'TMT MACHINERY, INC.'),
	(1319, 'TNT Logistics (remit to)'),
	(1950, 'TTI Instruments'),
	(1336, 'TYR Packaging'),
	(1282, 'Tape Resources'),
	(1283, 'Taylor Data Systems'),
	(2992, 'Taylor Pallets and Recycling Inc.'),
	(1284, 'Team Industrial Services'),
	(1285, 'Tech Depot'),
	(1286, 'Technical Associates of Charlotte,'),
	(1287, 'Technical Consulting International'),
	(1288, 'Teikoku USA c/o Process Equipment'),
	(2689, 'Teikoku USA, Inc.'),
	(1289, 'Tencarva (remit)'),
	(1290, 'Tencarva U.S.A.'),
	(2048, 'Terminal Trucking Co.'),
	(1293, 'Texas Processs Equipment'),
	(1294, 'Textile'),
	(3437, 'Thai Asahi Kasei Spandex Co Ltd'),
	(2229, 'The Austin Company'),
	(1295, 'The Balancing System Group Inc'),
	(1296, 'The Carpet Shop'),
	(1297, 'The Corporation Trust Co'),
	(1298, 'The Foxboro Company'),
	(1299, 'The Hartford'),
	(1300, 'The Home Telephone Co, Inc'),
	(1301, 'The Hoove, LLC'),
	(1302, 'The Hosiery Association'),
	(2713, 'The Journal of Commerce'),
	(1303, 'The Mill-Rose Company'),
	(1304, 'The Mills House Hotel'),
	(1888, 'The New York Blower Company'),
	(1305, 'The Post and Courier (remit)'),
	(1306, 'The Pump Co'),
	(1307, 'The Underfashion Club'),
	(1308, 'Thermo Cahn Corp (remit)'),
	(1309, 'Thermo Electron (remit to)'),
	(1310, 'Thermo Electron (remit)'),
	(1542, 'Thermo Electron NA LLC'),
	(1311, 'Thermo Neslab Inc.'),
	(1312, 'Thermon Heat Tracing'),
	(1313, 'Third Party Solutions'),
	(1315, 'Thornley Oil'),
	(1316, 'Tiger Controls'),
	(2315, 'Tim Koonts'),
	(1317, 'Tips, Inc'),
	(2759, 'Titan Transport LLC'),
	(1321, 'Toyota Motor Credit'),
	(2215, 'Trane'),
	(1322, 'Trane Comfort Solutions, Inc'),
	(1323, 'Trans-America Storage & Forwarding'),
	(1324, 'Transatlantic Connection, Inc'),
	(1325, 'Transcat'),
	(1326, 'Transport Service Co.'),
	(1327, 'Transportation Alliance Bank, Inc'),
	(3456, 'Transworld Systems Inc.'),
	(1738, 'Tranter Inc.'),
	(1328, 'Travaini Vacuum Pumps'),
	(1329, 'Travers Tool Co'),
	(1330, 'Tri Star Freight Systems Inc'),
	(1331, 'Triad Mechanical Contractors'),
	(1332, 'Trident Technical College'),
	(1333, 'Trident United Way'),
	(1983, 'Trimac Transportation'),
	(1334, 'Troemer'),
	(1335, 'Tuscatube inc.'),
	(1337, 'U.S. Filter Corp'),
	(1880, 'U.S. Security Associates, Inc.'),
	(1338, 'U.S. Services'),
	(1339, 'UCO Fabrics'),
	(3043, 'UE Systems Inc.'),
	(1343, 'UPS - Ground'),
	(1344, 'UPS - Next Day Air'),
	(1345, 'UPS - Third Day'),
	(2440, 'UPS -- Freight'),
	(1346, 'UPS Customhouse Brokerage, Inc'),
	(1347, 'UPS Freight'),
	(1348, 'UPS Supply Chain'),
	(1349, 'UPS Supply Chain Solutions (remit)'),
	(1350, 'US Filter'),
	(3307, 'US Transportation, LLC'),
	(3285, 'USF Holland Inc.'),
	(1351, 'USF Red Star'),
	(2421, 'Ulrich Ebbinghaus'),
	(1340, 'Unifi'),
	(1341, 'Unisource'),
	(2702, 'United Concordia'),
	(3388, 'United Physicians-Patients First'),
	(1342, 'United Refrigeration Inc'),
	(3319, 'United States Treasury'),
	(2324, 'United Way of Southern Kentucky'),
	(2281, 'Univar USA - ChemCare'),
	(420, 'Univar USA Inc'),
	(1352, 'Vaisala'),
	(1353, 'Valve and Filter Corp'),
	(1354, 'Van De Wiele Group'),
	(2145, 'Vanguard'),
	(1650, 'Vashaw Scientific Inc.'),
	(1758, 'VeeArc'),
	(1737, 'Verizon Wireless'),
	(1358, 'Vi-Cas Manufacturing Company'),
	(1356, 'Vibration Institute'),
	(1357, 'Vibration Institute Piedmont Chapte'),
	(1359, 'View Engineering, Inc'),
	(587, 'Virginia R. Hamilton'),
	(1360, 'Vital Records Control of SC Inc'),
	(3221, 'Vitec Inc.'),
	(695, 'Vnetek Communications'),
	(1361, 'W R Controls'),
	(1387, 'W. W. Grainger, Inc'),
	(1362, 'W.Fritz Mezger, Inc'),
	(2714, 'W.J. Turpish and Company'),
	(1363, 'W.P.Law.'),
	(1364, 'W.S. Oshea'),
	(1365, 'W.S. Tyler'),
	(1371, 'WCDC Private Truck'),
	(1764, 'Wacker Silicones'),
	(1366, 'Waco Instruments'),
	(1368, 'Warren Fastenings South, Inc'),
	(1369, 'Washington Consular Services'),
	(1370, 'Waste Management'),
	(1373, 'Weber Marking Systems, Inc'),
	(1372, 'Weber Marking Systems, inc'),
	(2418, 'Webster Rogers LLP'),
	(1374, 'Welco Technologies'),
	(1375, 'Wells Fargo Financial'),
	(1376, 'White Systems'),
	(1377, 'Wholesale Industrial Electronics'),
	(1378, 'Wicker Services, Inc'),
	(1379, 'Willard Termite & Pest Control'),
	(1380, 'William F.Bland Co.'),
	(1382, 'Williams Machine & tool Co.'),
	(1383, 'Wilson'),
	(3326, 'Wilson Trucking Corporation (WTVA)'),
	(1099, 'Windstream Communications'),
	(1384, 'Winthrop Couchot Professional Corp'),
	(2106, 'Winyah Community Hospice Care'),
	(1385, 'World Textile Publications Ltd'),
	(1386, 'Wulftec'),
	(3321, 'Wuxi Taiji Paper Industry Co., Ltd'),
	(1388, 'Xerox'),
	(428, 'Xpedx'),
	(2747, 'YRC'),
	(3432, 'Yamato Transport U.S.A., Inc.'),
	(1389, 'Yangming America Corporation'),
	(1390, 'Yellow Freight Lines (remit)'),
	(1391, 'Yellow Transportation'),
	(1392, 'Yokogawa Corporation of America'),
	(1393, 'Young Clement Rivers LLP'),
	(1394, 'Zenith (remit)'),
	(1395, 'Zenith Pumps'),
	(1396, 'Zim-American Israeli Shipping Co'),
	(3067, 'an epicurean feast, inc.');
/*!40000 ALTER TABLE `vendors` ENABLE KEYS */;
/*!40101 SET SQL_MODE=@OLD_SQL_MODE */;
/*!40014 SET FOREIGN_KEY_CHECKS=@OLD_FOREIGN_KEY_CHECKS */;
/*!40101 SET CHARACTER_SET_CLIENT=@OLD_CHARACTER_SET_CLIENT */;
